org_name,org_website,org_type,source_link,source_type,access_status,opportunity_types_offered,geographic_focus,mediums_supported,estimated_opp_count,priority,notes,date_extracted
Kosudo ART Project,https://kosudoart.com,Residency program,https://air-j.info/en/residence/,A,open,residencies,Japan,Not specified,unknown,,listing_url=https://air-j.info/en/residence/kosudoartproject_en/,2026-01-19 00:00:00
AiR @7artscafe,"https://www.7artscafe.co.jp/eiaf/<br />
",Residency program,https://air-j.info/en/residence/,A,open,residencies,Japan,Not specified,unknown,,listing_url=https://air-j.info/en/residence/air-7artscafe/,2026-01-19 00:00:00
Center / Alternative Space & Hostel,"https://center-kanuma.net<br />
",Residency program,https://air-j.info/en/residence/,A,open,residencies,Japan,Not specified,unknown,,listing_url=https://air-j.info/en/residence/center_alternative_space_hostel_en/,2026-01-19 00:00:00
Bridge Studio,"https://www.brdg.to/<br />
",Residency program,https://air-j.info/en/residence/,A,open,residencies,Japan,Not specified,unknown,,listing_url=https://air-j.info/en/residence/bridge-studio/,2026-01-19 00:00:00
Sado Island Artist in Residence,https://sia-promotion.org/,Residency program,https://air-j.info/en/residence/,A,open,residencies,Japan,Not specified,unknown,,listing_url=https://air-j.info/en/residence/sado-island-artist-in-residence/,2026-01-19 00:00:00
General incorporated association L-A・I・R,https://l-air.or.jp,Residency program,https://air-j.info/en/residence/,A,open,residencies,Japan,Not specified,unknown,,listing_url=https://air-j.info/en/residence/general-incorporated-association-l-air/,2026-01-19 00:00:00
AIR@EU,https://www.kac.or.jp/,Residency program,https://air-j.info/en/residence/,A,open,residencies,Japan,Not specified,unknown,,listing_url=https://air-j.info/en/residence/aireu/,2026-01-19 00:00:00
The Setagaya Art Museum×Arts Network Japan「Performance Residence in Museum 」,https://note.com/sam_anj_air/,Residency program,https://air-j.info/en/residence/,A,open,residencies,Japan,Not specified,unknown,,listing_url=https://air-j.info/en/residence/setagaya_art_museum_artsnetworkjapan/,2026-01-19 00:00:00
KIYOSHIMA Apartment,https://beppuproject.com/kiyoshima,Residency program,https://air-j.info/en/residence/,A,open,residencies,Japan,Not specified,unknown,,listing_url=https://air-j.info/en/residence/kiyoshima_apartment/,2026-01-19 00:00:00
Yanagawa City Cultural Exchange and Immigration Experience Facility “Former Watanuki Family Residence”,https://www.city.yanagawa.fukuoka.jp/rekishibunka/bunkajigyo/3558.html,Residency program,https://air-j.info/en/residence/,A,open,residencies,Japan,Not specified,unknown,,listing_url=https://air-j.info/en/residence/yanagawacity_culturalexchange/,2026-01-19 00:00:00
Katsurao AIR,http://katsurao-collective.com/,Residency program,https://air-j.info/en/residence/,A,open,residencies,Japan,Not specified,unknown,,listing_url=https://air-j.info/en/residence/katsurao-air/,2026-01-19 00:00:00
Artist-in-Residence Program “TOUCH!TOKONAME”,https://www.cross-art-tokoname.com,Residency program,https://air-j.info/en/residence/,A,open,residencies,Japan,Not specified,unknown,,listing_url=https://air-j.info/en/residence/touch_tokoname/,2026-01-19 00:00:00
STUDIO KAN,https//www.studiokan.jp,Residency program,https://air-j.info/en/residence/,A,open,residencies,Japan,Not specified,unknown,,listing_url=https://air-j.info/en/residence/studio-kan/,2026-01-19 00:00:00
Ma Umi Residencies,https://www.maumiresidencies.org,Residency program,https://air-j.info/en/residence/,A,open,residencies,Japan,Not specified,unknown,,listing_url=https://air-j.info/en/residence/maumi_residencies/,2026-01-19 00:00:00
NOHGA HOTEL KIYOMIZU KYOTO,https://nohgahotel.com/kiyomizu/,Residency program,https://air-j.info/en/residence/,A,open,residencies,Japan,Not specified,unknown,,listing_url=https://air-j.info/en/residence/nohgahotel_kiyomizu/,2026-01-19 00:00:00
ZEN AIR – Artist In Residence EIHEIJI,https://zen-air.org/,Residency program,https://air-j.info/en/residence/,A,open,residencies,Japan,Not specified,unknown,,listing_url=https://air-j.info/en/residence/zen_air/,2026-01-19 00:00:00
Cross Play Higashimatsuyama,https://bench-p.com/projects/crossplay-higashimatsuyama/,Residency program,https://air-j.info/en/residence/,A,open,residencies,Japan,Not specified,unknown,,listing_url=https://air-j.info/en/residence/crossplay_higashimatsuyama/,2026-01-19 00:00:00
Artist in Residence KOBE,https://airk.haaymm.org/,Residency program,https://air-j.info/en/residence/,A,open,residencies,Japan,Not specified,unknown,,listing_url=https://air-j.info/en/residence/airk/,2026-01-19 00:00:00
HUB Lab. AIR,https://www.arigatou-farm.com/hublab-air/,Residency program,https://air-j.info/en/residence/,A,open,residencies,Japan,Not specified,unknown,,listing_url=https://air-j.info/en/residence/hublab_air/,2026-01-19 00:00:00
The Tobichi Museum,https://www.kac.or.jp/,Residency program,https://air-j.info/en/residence/,A,open,residencies,Japan,Not specified,unknown,,listing_url=https://air-j.info/en/residence/thetobichimuseum/,2026-01-19 00:00:00
SPACE DEPARTMENT,https://www.spacedepartment-nara.com,Residency program,https://air-j.info/en/residence/,A,open,residencies,Japan,Not specified,unknown,,listing_url=https://air-j.info/en/residence/space_department/,2026-01-19 00:00:00
Villa Kujoyama,https://www.villakujoyama.jp/ja/contact-ja/,Residency program,https://air-j.info/en/residence/,A,open,residencies,Japan,Not specified,unknown,,listing_url=https://air-j.info/en/residence/villakujoyama/,2026-01-19 00:00:00
CreativePowerGarage101,https://creativepowergarage.amebaownd.com,Residency program,https://air-j.info/en/residence/,A,open,residencies,Japan,Not specified,unknown,,listing_url=https://air-j.info/en/residence/creativepowergarage101/,2026-01-19 00:00:00
Kyoto Writers Residency,https://kyotowriters.org/,Residency program,https://air-j.info/en/residence/,A,open,residencies,Japan,Not specified,unknown,,listing_url=https://air-j.info/en/residence/kyotowritersresidency/,2026-01-19 00:00:00
Echangeur 22,https://www.echangeur22.com/,Residency program,https://air-j.info/en/residence/,A,open,residencies,Japan,Not specified,unknown,,listing_url=https://air-j.info/en/residence/echangeur-22/,2026-01-19 00:00:00
Monokatari,https://mono-katari.jp/,Residency program,https://air-j.info/en/residence/,A,open,residencies,Japan,Not specified,unknown,,listing_url=https://air-j.info/en/residence/monokatari/,2026-01-19 00:00:00
Seto International Ceramic & Glass Art Exchange Program,http://www.seto-cul.jp/scga/e/program_e.html,Residency program,https://air-j.info/en/residence/,A,open,residencies,Japan,Not specified,unknown,,listing_url=https://air-j.info/en/residence/seto_international_ceramic_glass_artexchange/,2026-01-19 00:00:00
Assembridge NAGOYA,http://assembridge.nagoya,Residency program,https://air-j.info/en/residence/,A,open,residencies,Japan,Not specified,unknown,,listing_url=https://air-j.info/en/residence/assembridge_nagoya/,2026-01-19 00:00:00
Hiroshima Artist-in-Residence (H-AIR),https://animation.hiroshimafest.org,Residency program,https://air-j.info/en/residence/,A,open,residencies,Japan,Not specified,unknown,,listing_url=https://air-j.info/en/residence/h-air/,2026-01-19 00:00:00
Super Studio Kitakagaya （SSK）,https://ssk-chishima.info/,Residency program,https://air-j.info/en/residence/,A,open,residencies,Japan,Not specified,unknown,,listing_url=https://air-j.info/en/residence/superstudiokitakagaya/,2026-01-19 00:00:00
Shiro Oni Studio,"https://shirooni.com/<br />
",Residency program,https://air-j.info/en/residence/,A,open,residencies,Japan,Not specified,unknown,,listing_url=https://air-j.info/en/residence/shirooni_studio/,2026-01-19 00:00:00
Akita City Cultural Creation Center,https://akitacc.jp/,Residency program,https://air-j.info/en/residence/,A,open,residencies,Japan,Not specified,unknown,,listing_url=https://air-j.info/en/residence/akitacity_culturalcreation_center/,2026-01-19 00:00:00
iki base  artist in residence,https://east-bd.dg-1.jp/ikibase,Residency program,https://air-j.info/en/residence/,A,open,residencies,Japan,Not specified,unknown,,listing_url=https://air-j.info/en/residence/iki-base-artist-in-residence/,2026-01-19 00:00:00
Oishida AIR,https://taisotechnique.wixsite.com/website,Residency program,https://air-j.info/en/residence/,A,open,residencies,Japan,Not specified,unknown,,listing_url=https://air-j.info/en/residence/oishidaair/,2026-01-19 00:00:00
Extreme Cold Art Festival eastern HokkaidoAIR,http://acaf.teshikaga.asia,Residency program,https://air-j.info/en/residence/,A,open,residencies,Japan,Not specified,unknown,,listing_url=https://air-j.info/en/residence/extremecoldartfestival/,2026-01-19 00:00:00
Ego Building,https://egobuilding.jimdosite.com/,Residency program,https://air-j.info/en/residence/,A,open,residencies,Japan,Not specified,unknown,,listing_url=https://air-j.info/en/residence/egobuilding/,2026-01-19 00:00:00
Togatta Residence 044 (Maruyoshi),https://www.tr044.org/,Residency program,https://air-j.info/en/residence/,A,open,residencies,Japan,Not specified,unknown,,listing_url=https://air-j.info/en/residence/togatta_residence_044/,2026-01-19 00:00:00
Goethe-Institut Villa Kamogawa,https://www.goethe.de/villa-kamogawa,Residency program,https://air-j.info/en/residence/,A,open,residencies,Japan,Not specified,unknown,,listing_url=https://air-j.info/en/residence/goethe-institut-villa-kamogawa/,2026-01-19 00:00:00
"Project to Support Emerging Media Arts Creators, Program for Next Cultural Producer Incubating Project",https://www.kac.or.jp/,Residency program,https://air-j.info/en/residence/,A,open,residencies,Japan,Not specified,unknown,,listing_url=https://air-j.info/en/residence/vipo_mediaart_creator/,2026-01-19 00:00:00
ONVO STUDIO INAMACHI,http://onvo.jp/inamachi,Residency program,https://air-j.info/en/residence/,A,open,residencies,Japan,Not specified,unknown,,listing_url=https://air-j.info/en/residence/onvo-studio-inamachi/,2026-01-19 00:00:00
Tsu City Hisai Ars Plaza,https://www.tsuhisai-ars.jp/,Residency program,https://air-j.info/en/residence/,A,open,residencies,Japan,Not specified,unknown,,listing_url=https://air-j.info/en/residence/hisai_arsplaza/,2026-01-19 00:00:00
takenoma tenjishitsu: Tür aus Holz takenomaru,http://favoris.co.jp/takenoma/,Residency program,https://air-j.info/en/residence/,A,open,residencies,Japan,Not specified,unknown,,listing_url=https://air-j.info/en/residence/takenoma/,2026-01-19 00:00:00
Karuizawa Mokuhanga School,https://www.kac.or.jp/,Residency program,https://air-j.info/en/residence/,A,open,residencies,Japan,Not specified,unknown,,listing_url=https://air-j.info/en/residence/karuizawa-mokuhanga-school/,2026-01-19 00:00:00
Mashiko Museum Residency Program,http://mashiko-museum.jp/en/index.html,Residency program,https://air-j.info/en/residence/,A,open,residencies,Japan,Not specified,unknown,,listing_url=https://air-j.info/en/residence/mashiko-museum-residency-program/,2026-01-19 00:00:00
Kyoto: Re-Search,http://kyoto-research.com/,Residency program,https://air-j.info/en/residence/,A,open,residencies,Japan,Not specified,unknown,,listing_url=https://air-j.info/en/residence/kyoto-re-search-en/,2026-01-19 00:00:00
Open Art Laboratory HAISEN,https://haisen8100.tumblr.com/,Residency program,https://air-j.info/en/residence/,A,open,residencies,Japan,Not specified,unknown,,listing_url=https://air-j.info/en/residence/open-art-laboratory-haisen/,2026-01-19 00:00:00
KAGANHOTEL,https://kaganhotel.com/,Residency program,https://air-j.info/en/residence/,A,open,residencies,Japan,Not specified,unknown,,listing_url=https://air-j.info/en/residence/kaganhotel/,2026-01-19 00:00:00
SAIKONEON,https://saikoneon.com/,Residency program,https://air-j.info/en/residence/,A,open,residencies,Japan,Not specified,unknown,,listing_url=https://air-j.info/en/residence/saikoneon/,2026-01-19 00:00:00
"Aomori Contemporary Art Centre, Aomori Public University",https://acac-aomori.jp/inquiry/,Residency program,https://air-j.info/en/residence/,A,open,residencies,Japan,Not specified,unknown,,listing_url=https://air-j.info/en/residence/rd-04/,2026-01-19 00:00:00
Fujisawa City Art Space (FAS),https://www.city.fujisawa.kanagawa.jp/bunka/FAS/,Residency program,https://air-j.info/en/residence/,A,open,residencies,Japan,Not specified,unknown,,listing_url=https://air-j.info/en/residence/rd-57/,2026-01-19 00:00:00
Azumaza Artist In Residence,https://www.artens.org/,Residency program,https://air-j.info/en/residence/,A,open,residencies,Japan,Not specified,unknown,,listing_url=https://air-j.info/en/residence/rd-56/,2026-01-19 00:00:00
Niigata City Center for Creative Arts and International Youth Exchange (YUI-PORT),https://www.yui-port.com/,Residency program,https://air-j.info/en/residence/,A,open,residencies,Japan,Not specified,unknown,,listing_url=https://air-j.info/en/residence/rd-54/,2026-01-19 00:00:00
ARTS ITOYA,https://artsitoya.com/,Residency program,https://air-j.info/en/residence/,A,open,residencies,Japan,Not specified,unknown,,listing_url=https://air-j.info/en/residence/rd-52/,2026-01-19 00:00:00
Artist in Residence: Studio Kura,https://studiokura.info/en,Residency program,https://air-j.info/en/residence/,A,open,residencies,Japan,Not specified,unknown,,listing_url=https://air-j.info/en/residence/rd-50/,2026-01-19 00:00:00
Travel Front,http://konya2023.travelers-project.info/konya2023/,Residency program,https://air-j.info/en/residence/,A,open,residencies,Japan,Not specified,unknown,,listing_url=https://air-j.info/en/residence/rd-49/,2026-01-19 00:00:00
Fukuoka Asian Art Museum  Artist in Residence Program,https://faam.city.fukuoka.lg.jp/en/residence/,Residency program,https://air-j.info/en/residence/,A,open,residencies,Japan,Not specified,unknown,,listing_url=https://air-j.info/en/residence/rd-48/,2026-01-19 00:00:00
"The Museum of Art, Kochi",https://moak.jp/,Residency program,https://air-j.info/en/residence/,A,open,residencies,Japan,Not specified,unknown,,listing_url=https://air-j.info/en/residence/rd-45/,2026-01-19 00:00:00
Takamatsu Artist In Residence,http://www.city.takamatsu.kagawa.jp/kurashi/shinotorikumi/soshikihyo/bunka.html,Residency program,https://air-j.info/en/residence/,A,open,residencies,Japan,Not specified,unknown,,listing_url=https://air-j.info/en/residence/rd-44/,2026-01-19 00:00:00
Kamiyama Artist in Residence,https://www.in-kamiyama.jp/en/art,Residency program,https://air-j.info/en/residence/,A,open,residencies,Japan,Not specified,unknown,,listing_url=https://air-j.info/en/residence/rd-43/,2026-01-19 00:00:00
Akiyoshidai International Art Village,https://aiav.jp/,Residency program,https://air-j.info/en/residence/,A,open,residencies,Japan,Not specified,unknown,,listing_url=https://air-j.info/en/residence/rd-42/,2026-01-19 00:00:00
"ARKO（Artist in Residence Kurashiki, Ohara）",https://www.ohara.or.jp/,Residency program,https://air-j.info/en/residence/,A,open,residencies,Japan,Not specified,unknown,,listing_url=https://air-j.info/en/residence/rd-41/,2026-01-19 00:00:00
Asuka Art Village,https://www.kac.or.jp/,Residency program,https://air-j.info/en/residence/,A,open,residencies,Japan,Not specified,unknown,,listing_url=https://air-j.info/en/residence/rd-40/,2026-01-19 00:00:00
Kinosaki International Arts Center,http://kiac.en/,Residency program,https://air-j.info/en/residence/,A,open,residencies,Japan,Not specified,unknown,,listing_url=https://air-j.info/en/residence/rd-39/,2026-01-19 00:00:00
Awaji Art Circus,https://www.kac.or.jp/,Residency program,https://air-j.info/en/residence/,A,open,residencies,Japan,Not specified,unknown,,listing_url=https://air-j.info/en/residence/rd-38/,2026-01-19 00:00:00
DANCE BOX,https://db-dancebox.org/,Residency program,https://air-j.info/en/residence/,A,open,residencies,Japan,Not specified,unknown,,listing_url=https://air-j.info/en/residence/rd-37/,2026-01-19 00:00:00
Travel & Art Okubo studio,https://studiotravelandart.wixsite.com/nagano,Residency program,https://air-j.info/en/residence/,A,open,residencies,Japan,Not specified,unknown,,listing_url=https://air-j.info/en/residence/rd-28/,2026-01-19 00:00:00
Koganecho Artist-in-Residence Program,http://www.koganecho.net/air/,Residency program,https://air-j.info/en/residence/,A,open,residencies,Japan,Not specified,unknown,,listing_url=https://air-j.info/en/residence/rd-20/,2026-01-19 00:00:00
Echigo Tsumari Art Triennale “Australia House”,http://www.echigo-tsumari.jp/,Residency program,https://air-j.info/en/residence/,A,open,residencies,Japan,Not specified,unknown,,listing_url=https://air-j.info/en/residence/rd-21/,2026-01-19 00:00:00
"Kanazawa Yuwaku Sousaku no Mori
Center for Crafts and Coulture",https://www.sousaku-mori.gr.jp/,Residency program,https://air-j.info/en/residence/,A,open,residencies,Japan,Not specified,unknown,,listing_url=https://air-j.info/en/residence/rd-22/,2026-01-19 00:00:00
Kapo Creator in Residence,http://kapolog.com,Residency program,https://air-j.info/en/residence/,A,open,residencies,Japan,Not specified,unknown,,listing_url=https://air-j.info/en/residence/rd-23/,2026-01-19 00:00:00
"21st Century Museum of Contemporary Art, Kanazawa",https://www.kanazawa21.jp,Residency program,https://air-j.info/en/residence/,A,open,residencies,Japan,Not specified,unknown,,listing_url=https://air-j.info/en/residence/rd-24/,2026-01-19 00:00:00
Artist In Residence Yamanashi [AIRY],http://www.air-y.net,Residency program,https://air-j.info/en/residence/,A,open,residencies,Japan,Not specified,unknown,,listing_url=https://air-j.info/en/residence/rd-25/,2026-01-19 00:00:00
MI-LAB Artist-in-Residence,http://www.endeavor.or.jp/mi-lab,Residency program,https://air-j.info/en/residence/,A,open,residencies,Japan,Not specified,unknown,,listing_url=https://air-j.info/en/residence/rd-26/,2026-01-19 00:00:00
SEIUNKAN Art in Residence (SAIR),"http://seiunkan.com/seiunkan-air/<br />
<a href=",Residency program,https://air-j.info/en/residence/,A,open,residencies,Japan,Not specified,unknown,,listing_url=https://air-j.info/en/residence/rd-27/,2026-01-19 00:00:00
BankART1929,http://www.bankart1929.com/,Residency program,https://air-j.info/en/residence/,A,open,residencies,Japan,Not specified,unknown,,listing_url=https://air-j.info/en/residence/rd-19/,2026-01-19 00:00:00
Shinano-Omachi Artist in Residence,https://shinano-omachi.jp/asahi-air/,Residency program,https://air-j.info/en/residence/,A,open,residencies,Japan,Not specified,unknown,,listing_url=https://air-j.info/en/residence/rd-29/,2026-01-19 00:00:00
GIDS (Gifu Indie Design Sessions),http://gids.jp/,Residency program,https://air-j.info/en/residence/,A,open,residencies,Japan,Not specified,unknown,,listing_url=https://air-j.info/en/residence/rd-30/,2026-01-19 00:00:00
Kamoe Art Center Hamamatsu,http://www.kamoeartcenter.org/,Residency program,https://air-j.info/en/residence/,A,open,residencies,Japan,Not specified,unknown,,listing_url=https://air-j.info/en/residence/rd-31/,2026-01-19 00:00:00
Aichi University of the Arts Artist in Residence,https://www.aichi-fam-u.ac.jp/,Residency program,https://air-j.info/en/residence/,A,open,residencies,Japan,Not specified,unknown,,listing_url=https://air-j.info/en/residence/rd-32/,2026-01-19 00:00:00
Life Experience Residence YUGAKU-Tei,https://www.kac.or.jp/,Residency program,https://air-j.info/en/residence/,A,open,residencies,Japan,Not specified,unknown,,listing_url=https://air-j.info/en/residence/rd-33/,2026-01-19 00:00:00
The Shigaraki Ceramic Cultural Park,"https://www.sccp.jp/<br />
<a href=",Residency program,https://air-j.info/en/residence/,A,open,residencies,Japan,Not specified,unknown,,listing_url=https://air-j.info/en/residence/rd-34/,2026-01-19 00:00:00
Kyoto Art Center,https://www.kac.or.jp/,Residency program,https://air-j.info/en/residence/,A,open,residencies,Japan,Not specified,unknown,,listing_url=https://air-j.info/en/residence/rd-35/,2026-01-19 00:00:00
FAIR: Fuwari no Mori International Artist in Residence,http://www.fuwarinomoriart.jp,Residency program,https://air-j.info/en/residence/,A,open,residencies,Japan,Not specified,unknown,,listing_url=https://air-j.info/en/residence/rd-11/,2026-01-19 00:00:00
S-AIR Exchange Programme,http://www.s-air.org,Residency program,https://air-j.info/en/residence/,A,open,residencies,Japan,Not specified,unknown,,listing_url=https://air-j.info/en/residence/rd-01/,2026-01-19 00:00:00
Sapporo Tenjinyama Art Studio Artists in Residence,https://tenjinyamastudio.jp/,Residency program,https://air-j.info/en/residence/,A,open,residencies,Japan,Not specified,unknown,,listing_url=https://air-j.info/en/residence/rd-02/,2026-01-19 00:00:00
Hachinohe Portal Museum　hacchi,https://hacchi.jp/,Residency program,https://air-j.info/en/residence/,A,open,residencies,Japan,Not specified,unknown,,listing_url=https://air-j.info/en/residence/rd-05/,2026-01-19 00:00:00
MORIUMIUS,http://moriumius.jp/en,Residency program,https://air-j.info/en/residence/,A,open,residencies,Japan,Not specified,unknown,,listing_url=https://air-j.info/en/residence/rd-06/,2026-01-19 00:00:00
ARCUS Project,http://www.arcus-project.com/en/,Residency program,https://air-j.info/en/residence/,A,open,residencies,Japan,Not specified,unknown,,listing_url=https://air-j.info/en/residence/rd-07/,2026-01-19 00:00:00
Iwase Rock Museum,https://www.masaji-asaga.com,Residency program,https://air-j.info/en/residence/,A,open,residencies,Japan,Not specified,unknown,,listing_url=https://air-j.info/en/residence/rd-08/,2026-01-19 00:00:00
Art Biotop Nasu,https://www.artbiotop.jp/,Residency program,https://air-j.info/en/residence/,A,open,residencies,Japan,Not specified,unknown,,listing_url=https://air-j.info/en/residence/rd-09/,2026-01-19 00:00:00
PARADISE AIR,http://paradiseair.info/,Residency program,https://air-j.info/en/residence/,A,open,residencies,Japan,Not specified,unknown,,listing_url=https://air-j.info/en/residence/rd-10/,2026-01-19 00:00:00
AIR 3331,https://residence.3331.jp/en/,Residency program,https://air-j.info/en/residence/,A,open,residencies,Japan,Not specified,unknown,,listing_url=https://air-j.info/en/residence/rd-12/,2026-01-19 00:00:00
SAISON Artist in Residence,http://www.saison.or.jp,Residency program,https://air-j.info/en/residence/,A,open,residencies,Japan,Not specified,unknown,,listing_url=https://air-j.info/en/residence/rd-13/,2026-01-19 00:00:00
AIT Residency,http://www.a-i-t.net/,Residency program,https://air-j.info/en/residence/,A,open,residencies,Japan,Not specified,unknown,,listing_url=https://air-j.info/en/residence/rd-14/,2026-01-19 00:00:00
Tokyo Arts and Space Residency (TOKAS Residency),https://www.tokyoartsandspace.jp/en/inquiry/,Residency program,https://air-j.info/en/residence/,A,open,residencies,Japan,Not specified,unknown,,listing_url=https://air-j.info/en/residence/rd-15/,2026-01-19 00:00:00
Youkobo AIR Program,http://www.youkobo.co.jp/,Residency program,https://air-j.info/en/residence/,A,open,residencies,Japan,Not specified,unknown,,listing_url=https://air-j.info/en/residence/rd-16/,2026-01-19 00:00:00
Art Studio Itsukaichi Artist in Residence Program,https://www.city.akiruno.tokyo.jp/0000014741.html,Residency program,https://air-j.info/en/residence/,A,open,residencies,Japan,Not specified,unknown,,listing_url=https://air-j.info/en/residence/rd-18/,2026-01-19 00:00:00
Ongoing AIR,http://www.ongoing.jp/ja/artcenter/residence/index.php,Residency program,https://air-j.info/en/residence/,A,open,residencies,Japan,Not specified,unknown,,listing_url=https://air-j.info/en/residence/rd-17/,2026-01-19 00:00:00
"Kunsthal Gent Gent, Belgium",http://kunsthal.gent/,Residency program,https://air-j.info/en/eu/,A,open,residencies,Belgium,Not specified,unknown,,"country_url=https://air-j.info/en/eu/country/belgium/; summary=Kunsthal Gent is an experimental intersection for the presentation and development of contemporary art, located in a monumental fourteenth-century Carmelite monastery in the centre of Ghent since 2018",2026-01-19 00:00:00
"Wiels Brussels, Belgium",https://www.wiels.org/en/residency-programme,Residency program,https://air-j.info/en/eu/,A,open,residencies,Belgium,Not specified,unknown,,"country_url=https://air-j.info/en/eu/country/belgium/; summary=Wiels is an international laboratory for the creation and the diffusion of contemporary art, and a space for innovative ideas and creative experiences. Up to 20 artists participate in the residency pr",2026-01-19 00:00:00
"L’Alba Charleroi (Walloon Region), Belgium",https://alba-charleroi.org/en/lalba,Residency program,https://air-j.info/en/eu/,A,open,residencies,Belgium,Not specified,unknown,,"country_url=https://air-j.info/en/eu/country/belgium/; summary=L'alba (Latin 'the dawn'), signifying the ""House of Shared Talents"", is an artist residence founded by Melanie de Biasio. The house aims to be a place of encounters, simplicity, and exchanges, a playg",2026-01-19 00:00:00
"Designregio Kortrijk コルトレイク, Belgium",https://designersinresidencekortrijk.be/,Residency program,https://air-j.info/en/eu/,A,open,residencies,Belgium,Not specified,unknown,,"country_url=https://air-j.info/en/eu/country/belgium/; summary=Designregio Kortrijk wants to bring talent together in a creative design region to imagine, design and make a better future. Designers in Residence Kortrijk has been organized since 2014 by Designregi",2026-01-19 00:00:00
"Frans Masereel Centrum Kasterlee, Belgium",https://fransmasereelcentrum.be/en/residencies/,Residency program,https://air-j.info/en/eu/,A,open,residencies,Belgium,Not specified,unknown,,"country_url=https://air-j.info/en/eu/country/belgium/; summary=The Frans Masereel Centrum is a center for contemporary art, combining an artist-oriented exhibition and production schedule with an international residency program for artists and critics, often with",2026-01-19 00:00:00
"World of Co Artist Residency Program Sofia, Bulgaria",http://worldof.co,Residency program,https://air-j.info/en/eu/,A,open,residencies,Bulgaria,Not specified,unknown,,"country_url=https://air-j.info/en/eu/country/bulgaria/; summary=WOC Online Artist Residency is hosted by the independent art organization World of Co. The mission of World of Co-Artist Residency is to create a platform for exploration and experiments for artists, ",2026-01-19 00:00:00
"The Old School Art Residency Gorna Lipnitsa, Veliko Tarnovo region, Bulgaria",https://oldschoolresidence.com/,Residency program,https://air-j.info/en/eu/,A,open,residencies,Bulgaria,Not specified,unknown,,"country_url=https://air-j.info/en/eu/country/bulgaria/; summary=The Old School art residency is the first international artist residency program in Bulgaria and accept artists who create in the field of the visual arts (painting and drawing, wall painting, photogr",2026-01-19 00:00:00
"IMAGO INTERNATIONAL ARTIST RESIDENCY Plovdiv, Bulgaria",https://www.artandculture.today/imago,Residency program,https://air-j.info/en/eu/,A,open,residencies,Bulgaria,Not specified,unknown,,"country_url=https://air-j.info/en/eu/country/bulgaria/; summary=IMAGO International Artist Residency is part of the independent platform for contemporary art and culture Art and Culture Today (www.ARTandCulture.today), founded in 2016 by Radoslav Mehandzhiyski and",2026-01-19 00:00:00
"Cabin Studio Pěčice, Czechia",https://studiohrdinu.cz/cs/,Residency program,https://air-j.info/en/eu/,A,open,residencies,Czechia,Not specified,unknown,,"country_url=https://air-j.info/en/eu/country/czechia/; summary=Situated in the rural area of Mladá Boleslav region approximately 50 kilometers north outside of Prague, Cabin Studio is a newly emerging international residency. It is run under the patronage of an e",2026-01-19 00:00:00
"ArtMill, Center for Creative Sustainability Horažďovice, Czechia",http://www.artmill.eu,Residency program,https://air-j.info/en/eu/,A,open,residencies,Czechia,Not specified,unknown,,"country_url=https://air-j.info/en/eu/country/czechia/; summary=ArtMill is the base of our non-profit organization ArtDialog. Functioning as an alternative cultural space, our Center is a home to an active community of artists, activists, farmers, entrepreneurs an",2026-01-19 00:00:00
"Neiro Association for Expanding Arts Prague, Czechia",https://www.neiro.org/?lang=en,Residency program,https://air-j.info/en/eu/,A,open,residencies,Czechia,Not specified,unknown,,country_url=https://air-j.info/en/eu/country/czechia/; summary=NEIRO Association for Expanding Arts produces and supports exceptional projects of Czech and international artists. Our aim is to present music and art in the international context and in collaboratio,2026-01-19 00:00:00
"The PRÁM Studio Prague, Czechia",http://pramstudio.cz/en/about-us/residential-program/,Residency program,https://air-j.info/en/eu/,A,open,residencies,Czechia,Not specified,unknown,,"country_url=https://air-j.info/en/eu/country/czechia/; summary=The PRÁM Studio gathers 12 graduates of the Academy of Fine Arts and the Academy of Arts, Architecture and Design in Prague. Given the unique space of our building, we aim to extend the range of our a",2026-01-19 00:00:00
"Scandinavian Cello School Stevns, Denmark",https://www.scandinaviancelloschool.com/,Residency program,https://air-j.info/en/eu/,A,open,residencies,Denmark,Not specified,unknown,,country_url=https://air-j.info/en/eu/country/denmark/; summary=Scandinavian Cello School is located next to a historic fishing village which features one of Denmark’s oldest harbors. An explosion in interest is due to the unique ethos at the school – achieve a he,2026-01-19 00:00:00
"Malt AIR Ebeltolt, Denmark",https://www.maltair.dk/apply,Residency program,https://air-j.info/en/eu/,A,open,residencies,Denmark,Not specified,unknown,,country_url=https://air-j.info/en/eu/country/denmark/; summary=Malt AIR is a visual arts residency program in Denmark. Malt AIR invites professional artists especially at the beginning of their career from all over the world to participate in a 3-month visual art,2026-01-19 00:00:00
"Foreningen BIRCA Residency Klemensker, Bornholm, Denmark",https://birca.org/en/residencies-2/,Residency program,https://air-j.info/en/eu/,A,open,residencies,Denmark,Not specified,unknown,,"country_url=https://air-j.info/en/eu/country/denmark/; summary=BIRCA is a laboratory for the new ecological performing arts, located in the middle of nature and fields on the island of Bornholm. Here artists get the opportunity to research and develop their ideas",2026-01-19 00:00:00
"Læsø Artist in Residence Læsø island, Denmark",https://www.laesoeair.dk/english,Residency program,https://air-j.info/en/eu/,A,open,residencies,Denmark,Not specified,unknown,,country_url=https://air-j.info/en/eu/country/denmark/; summary=Læsø AiR is located in the unique artistic retreats of two of Denmark’s and the world’s most acclaimed artists - Per Kirkeby (1938-2018) and Asger Jorn (1914-1973) - at the island of Læsø. The main ob,2026-01-19 00:00:00
"Beast Artist in Residence Østermarie, Bornholm, Denmark",https://www.beast-bornholm.com/about,Residency program,https://air-j.info/en/eu/,A,open,residencies,Denmark,Not specified,unknown,,"country_url=https://air-j.info/en/eu/country/denmark/; summary=We are located on the Danish island of Bornholm, which has a vibrant art community. The residency is based next door to the artspace Beast in Østermarie, close to a grocery store, public transportatio",2026-01-19 00:00:00
"Akademie Schloss Solitude Stuttgart, Germany",https://www.akademie-solitude.de/en/,Residency program,https://air-j.info/en/eu/,A,open,residencies,Germany,Not specified,unknown,,"country_url=https://air-j.info/en/eu/country/germany/; summary=Akademie Schloss Solitude is an international Artist-in-Residence Program and has supported approximately 1,700 young artists from more than 120 countries since opening its doors in 1990. Residencies ",2026-01-19 00:00:00
"Frankfurt LAB Frankfurt    , Germany",https://frankfurt-lab.com/en/formats/residenzprogramm,Residency program,https://air-j.info/en/eu/,A,open,residencies,Germany,Not specified,unknown,,"country_url=https://air-j.info/en/eu/country/germany/; summary=The Frankfurt LAB, a vital performance and producing space for contemporary performing arts and music, in collaboration with the KfW Stiftung promotes international emerging artists in the performing ",2026-01-19 00:00:00
"Künstlerhaus Bethanien Berlin, Germany",https://www.bethanien.de/en/,Residency program,https://air-j.info/en/eu/,A,open,residencies,Germany,Not specified,unknown,,"country_url=https://air-j.info/en/eu/country/germany/; summary=As an international cultural centre in Berlin since 1975, the Künstlerhaus Bethanien has implemented and exhibited hundreds of projects with over 2.500 artists. The International Studio Programme is a",2026-01-19 00:00:00
"Stiftung Künstlerdorf Schöppingen Schöppingen, Germany",https://stiftung-kuenstlerdorf.de/en/home,Residency program,https://air-j.info/en/eu/,A,open,residencies,Germany,Not specified,unknown,,"country_url=https://air-j.info/en/eu/country/germany/; summary=Since 1989, the Künstlerdorf Schöppingen supports international artists with its residency program. The stipend-funded fellowship of two to six months enables the realization of projects in the fields",2026-01-19 00:00:00
"ACC Galerie Weimar, Germany",https://acc-weimar.de/atelierprogramm/,Residency program,https://air-j.info/en/eu/,A,open,residencies,Germany,Not specified,unknown,,country_url=https://air-j.info/en/eu/country/germany/; summary=The International Studio Program of the ACC Gallery and the City of Weimar was founded in 1994. Our goal is to combine the promotion of artists with the presentation of contemporary art in the urban s,2026-01-19 00:00:00
"Stuudio Labus Lääne-Viru, Estonia",https://www.tekstiilikeskus.ee/residentuur,Residency program,https://air-j.info/en/eu/,A,open,residencies,Estonia,Not specified,unknown,,"country_url=https://air-j.info/en/eu/country/estonia/; summary=Stuudio Labus is an artist-run residency programme primarily designed for fiber and textile artists. Our primary aim is to cultivate an environment that fosters creativity, experimentation, and intros",2026-01-19 00:00:00
"MASSIA Massiaru Village (45km from Pärnu), Estonia",https://www.massia.ee/,Residency program,https://air-j.info/en/eu/,A,open,residencies,Estonia,Not specified,unknown,,"country_url=https://air-j.info/en/eu/country/estonia/; summary=""MASSIA is based in the Estonian countryside, near the Baltic sea, about 180 km south of Tallinn, and 140 km north of Riga (Latvia). The residency is located in the old school house of Massiaru, a lit",2026-01-19 00:00:00
"KORDON Kärdla, Hiiumaa, Estonia",https://www.kordon.ee/,Residency program,https://air-j.info/en/eu/,A,open,residencies,Estonia,Not specified,unknown,,"country_url=https://air-j.info/en/eu/country/estonia/; summary=KORDONair facilitates art in dialogue with architecture and environment. It explores social and artistic dimensions of space, diversity of culture and wilderness. The interdisciplinary residency is lo",2026-01-19 00:00:00
"MTÜ Kullaaugu Põlvamaa, Ahja, Estonia",https://kullaaugu.ee/,Residency program,https://air-j.info/en/eu/,A,open,residencies,Estonia,Not specified,unknown,,country_url=https://air-j.info/en/eu/country/estonia/; summary=Kullaaugu Film and Site-specific Music Residency will bring together musicians and composers with filmmakers from around the world to create music specifically for films or specific environments. The,2026-01-19 00:00:00
"Cill Rialiag Residencies Kerry, Ireland",https://cillrialaigartscentre.com/residencies/,Residency program,https://air-j.info/en/eu/,A,open,residencies,Ireland,Not specified,unknown,,"country_url=https://air-j.info/en/eu/country/ireland/; summary=Built out of the ruins of a 1790s pre-famine village atop a cliff face overlooking the Atlantic, Cill Rialaig offers artists, writers and other creative professionals an opportunity to get away from e",2026-01-19 00:00:00
"The Tyrone Guthrie Centre Monaghan, Ireland",https://www.tyroneguthrie.ie/,Residency program,https://air-j.info/en/eu/,A,open,residencies,Ireland,Not specified,unknown,,country_url=https://air-j.info/en/eu/country/ireland/; summary=The Tyrone Guthrie Centre is a residential workplace open to professional practitioners in all art forms. The Tyrone Guthrie Centre promotes excellence and innovation in the arts by providing resident,2026-01-19 00:00:00
"Ballinglen Ballycastle, Ireland",https://www.ballinglenartsfoundation.org/fellowship/,Residency program,https://air-j.info/en/eu/,A,open,residencies,Ireland,Not specified,unknown,,country_url=https://air-j.info/en/eu/country/ireland/; summary=The Ballinglen Arts Foundation is a registered Irish charity that provides a residency award - The Fellowship Programme - enabling Irish and international artists to spend time working in rural Irelan,2026-01-19 00:00:00
"Black Church Print Studio Dublin, Ireland",https://www.blackchurchprint.ie/international-residencies/,Residency program,https://air-j.info/en/eu/,A,open,residencies,Ireland,Not specified,unknown,,"country_url=https://air-j.info/en/eu/country/ireland/; summary=Black Church Print Studio is located at number 4 Temple Bar, in the heart of Dublin’s City Centre. As part of the redevelopment of Temple Bar in 1994, the Studio’s 4-storey building was custom built a",2026-01-19 00:00:00
"The Guesthouse Project Cork, Ireland",http://www.theguesthouse.ie,Residency program,https://air-j.info/en/eu/,A,open,residencies,Ireland,Not specified,unknown,,country_url=https://air-j.info/en/eu/country/ireland/; summary=The Guesthouse is a Cork Artists Collective (CAC) initiative that began in collaboration with the Cork City Council and with the support of the Arts Council of Ireland. The Guesthouse Project presents,2026-01-19 00:00:00
"Onassis AiR Athens, Greece",https://www.onassis.org/initiatives/onassis-air/,Residency program,https://air-j.info/en/eu/,A,open,residencies,Greece,Not specified,unknown,,"country_url=https://air-j.info/en/eu/country/greece/; summary=Onassis AiR is an international artistic research residency program based in Athens, Greece, that was established by the Onassis Foundation in 2019. Founded on the principles of learning and doing wit",2026-01-19 00:00:00
"Medea Electronique－Koumaria Residency Laconia, Greece",https://www.koumaria.gr,Residency program,https://air-j.info/en/eu/,A,open,residencies,Greece,Not specified,unknown,,"country_url=https://air-j.info/en/eu/country/greece/; summary=Since 2009 the artist collective Medea Electronique has organized annually a 10-day experimental artist residency, Koumaria, near Sparta in Greece, focusing on improvisation and new media practices. A",2026-01-19 00:00:00
"Ionion Center for the Arts and Culture Island Kefalonia, Greece",https://air-j.info/en/eu/country/greece/,Residency program,https://air-j.info/en/eu/,A,open,residencies,Greece,Not specified,unknown,,"country_url=https://air-j.info/en/eu/country/greece/; summary=The International Residency Program of the Ionion Center for the Arts and Culture is a program operating in the fields of Higher Education, Arts, Sciences, Research. The residency program is open, int; website_not_found",2026-01-19 00:00:00
"Can Serrat Barcelona, Spain",https://canserrat.org/,Residency program,https://air-j.info/en/eu/,A,open,residencies,Spain,Not specified,unknown,,"country_url=https://air-j.info/en/eu/country/spain/; summary=Can Serrat is a Catalan farmhouse located in El Bruc (Montserrat), 45 km outside of Barcelona. One of the oldest international residency programs in Catalonia, it has welcomed artistic and literary pr",2026-01-19 00:00:00
"MACBA Barcelona, Spain",https://www.macba.cat/en/learn-explore/guest-researchers,Residency program,https://air-j.info/en/eu/,A,open,residencies,Spain,Not specified,unknown,,"country_url=https://air-j.info/en/eu/country/spain/; summary=MACBA's research support programme is aimed at academic researchers, artists and other people specialising in contemporary artistic practices. Those eligible to apply for them are people with higher e",2026-01-19 00:00:00
"Joya Vélez Blanco, Spain",https://joya-air.org/apply/,Residency program,https://air-j.info/en/eu/,A,open,residencies,Spain,Not specified,unknown,,"country_url=https://air-j.info/en/eu/country/spain/; summary=Joya: arte + ecología / AiR is an off-grid and climate positive interdisciplinary residency (since 2006) rooted in the crossroads of art, ecology and sustainable living practice. It is located in the ",2026-01-19 00:00:00
"Matadero Madrid Madrid, Spain",https://www.mataderomadrid.org/en/residence/artist-residence-program,Residency program,https://air-j.info/en/eu/,A,open,residencies,Spain,Not specified,unknown,,"country_url=https://air-j.info/en/eu/country/spain/; summary=Matadero Madrid is run by Madrid City Council's Department of Culture, Turism and Sports. One of the characteristics of a residency centre is that it provides workspaces for creators in which they can",2026-01-19 00:00:00
"CCA Andratx Andratx, Mallorca, Spain",https://ccandratx.eu/residencies/,Residency program,https://air-j.info/en/eu/,A,open,residencies,Spain,Not specified,unknown,,"country_url=https://air-j.info/en/eu/country/spain/; summary=CCA Andratx is Contemporary Art Gallery in Mallorca, located in a beautiful natural surrounding in the town of Sa Coma (Andratx), 30 minutes drive north of Palma. The Artists in Residence Program emer",2026-01-19 00:00:00
"COAL Paris, France",https://projetcoal.org/en/actions/prize/,Residency program,https://air-j.info/en/eu/,A,open,residencies,France,Not specified,unknown,,"country_url=https://air-j.info/en/eu/country/france/; summary=COAL, an association created in 2008 by professionals of contemporary art, ecology and research, mobilizes artists and cultural actors on societal and environmental issues and promotes the essential r",2026-01-19 00:00:00
"40mcube centre d’art contemporain Rennes, France",https://www.40mcube.org/en/,Residency program,https://air-j.info/en/eu/,A,open,residencies,France,Not specified,unknown,,"country_url=https://air-j.info/en/eu/country/france/; summary=40mcube houses an exhibition space, a production workshop, a residency for artists and curators. 40mcube produces works, present them in the form of exhibitions or interventions in the public space, a",2026-01-19 00:00:00
"Triangle – Astérides Marseille, France",http://www.trianglefrance.org/,Residency program,https://air-j.info/en/eu/,A,open,residencies,France,Not specified,unknown,,"country_url=https://air-j.info/en/eu/country/france/; summary=Triangle-Astérides is a center for contemporary art based in Marseilles, a cultural cooperative located in a former tobacco factory, since 1994. Triangle-Astérides articulates a rigorous program of ex",2026-01-19 00:00:00
"The Camargo Foundation Cassis, France",http://www.camargofoundation.org/,Residency program,https://air-j.info/en/eu/,A,open,residencies,France,Not specified,unknown,,"country_url=https://air-j.info/en/eu/country/france/; summary=Overlooking the Mediterranean Sea in Cassis, the Camargo Foundation offers a contemplative environment for creativity, research, experimentation and collaboration in the arts and humanities. Since its",2026-01-19 00:00:00
"Cité internationale des arts Paris, France",http://www.citedesartsparis.net/,Residency program,https://air-j.info/en/eu/,A,open,residencies,France,Not specified,unknown,,"country_url=https://air-j.info/en/eu/country/france/; summary=Ever since the Cité internationale des arts was founded in 1965, artists have been coming from all over the world to take part in our artist-in-residence programmes. The Cité encourages cross-cultural",2026-01-19 00:00:00
"The KAMOV Residency Programme Rijeka, Croatia",https://www.kamov-residency.org/en/about-residency/how-it-all-started,Residency program,https://air-j.info/en/eu/,A,open,residencies,Croatia,Not specified,unknown,,"country_url=https://air-j.info/en/eu/country/croatia/; summary=The Kamov Arist-in-Residence program provides artists with a space for inspiration, research and experiment in a new environment, giving them time and support to conceptualize and develop their ideas ",2026-01-19 00:00:00
"hacklab01 Zagreb, Croatia",http://hacklab01.org/hackn3t,Residency program,https://air-j.info/en/eu/,A,open,residencies,Croatia,Not specified,unknown,,"country_url=https://air-j.info/en/eu/country/croatia/; summary=Hackn3t is an online and physical residency program with the goal of showing the everyday practice of (digital) (new) media artists, coders or other tech creatives. Everyone is invited to apply with p",2026-01-19 00:00:00
"Fabrica Villorba, Italy",https://www.fabrica.it/en/,Residency program,https://air-j.info/en/eu/,A,open,residencies,Italy,Not specified,unknown,,"country_url=https://air-j.info/en/eu/country/italy/; summary=Fabrica was established in 1994. The residency is based in Treviso, Italy, in an old villa, restored and augmented by one of the most renowned contemporary architects, Tadao Ando. The programme is a s",2026-01-19 00:00:00
"The Bellagio Center Residency Program Bellagio, Italy",https://www.rockefellerfoundation.org/bellagio-center/residency-program/,Residency program,https://air-j.info/en/eu/,A,open,residencies,Italy,Not specified,unknown,,"country_url=https://air-j.info/en/eu/country/italy/; summary=The Bellagio Center residency offers an opportunity to advance a specific breakthrough project rather than a haven for private reflection, and a stimulating environment for making interdisciplinary an",2026-01-19 00:00:00
"Citadellarte Biella, Italy",https://www.cittadellarte.it/unidee/activity.html?id=200,Residency program,https://air-j.info/en/eu/,A,open,residencies,Italy,Not specified,unknown,,"country_url=https://air-j.info/en/eu/country/italy/; summary=Cittadellarte, Fondazione Pistoletto’s programme of artists’ residencies was founded in 1999. The programme is open to artists and professionals from all over the world and it aims at providing instru",2026-01-19 00:00:00
"Gate44 Milan, Italy",https://www.gatefortyfour.com/,Residency program,https://air-j.info/en/eu/,A,open,residencies,Italy,Not specified,unknown,,"country_url=https://air-j.info/en/eu/country/italy/; summary=Gate 44 is a visual culture production studio. We offer production-based residencies to visual artists, designers & creatives from all backgrounds and levels of expertise. Our professional studios are",2026-01-19 00:00:00
"Kimonos Art Center Paphos, Cyprus",https://www.kimonosartcenter.com/,Residency program,https://air-j.info/en/eu/,A,open,residencies,Cyprus,Not specified,unknown,,"country_url=https://air-j.info/en/eu/country/cyprus/; summary=Kimonos Art Center has been active in the field of fine arts since 2015 and has already presented a rich body of work, making use of many means of creative expression and going through all the stages ",2026-01-19 00:00:00
"MeMeraki Artist Residency Limassol, Cyprus",https://www.instagram.com/meme.raki/,Residency program,https://air-j.info/en/eu/,A,open,residencies,Cyprus,Not specified,unknown,,"country_url=https://air-j.info/en/eu/country/cyprus/; summary=MeMeraki Artist Residency is a non-profit organisation based in Limassol. It was founded by Katerina Savvides in 2019, from the need to exist in a multicultural and multidisciplinary artistic communit",2026-01-19 00:00:00
"Boubouki Writer’s Residency Programme Paphos, Cyprus",https://toboumbouki.wordpress.com/artist-residency-at-boubouki/,Residency program,https://air-j.info/en/eu/,A,open,residencies,Cyprus,Not specified,unknown,,"country_url=https://air-j.info/en/eu/country/cyprus/; summary=Boubouki is located in Mesana Village of Paphos district, and right in the centre of one of the most beautiful, natural areas of the island. The residency programme has no restrictions regarding the t",2026-01-19 00:00:00
"Rothko Museum Daugavpils, Latvia",https://rothkomuseum.com/en/museum/catalogues/residencies/,Residency program,https://air-j.info/en/eu/,A,open,residencies,Latvia,Not specified,unknown,,country_url=https://air-j.info/en/eu/country/latvia/; summary=Daugavpils City Counsil Institution Rothko Museum has a residence programme for artists working in different media with the option to apply for an individual residence programme. Residences are freque,2026-01-19 00:00:00
"ELPA Art and Design Residency Līvāni, Latvia",https://elparesidency.lv/news/,Residency program,https://air-j.info/en/eu/,A,open,residencies,Latvia,Not specified,unknown,,country_url=https://air-j.info/en/eu/country/latvia/; summary=The ELPA Art and Design Residency emerged from the challenge of finding a new location for the Rucka Artist Residency after it vacated its previous space and deciding the future of a small natural far,2026-01-19 00:00:00
"Serde Aizpute, Latvia",http://www.serde.lv,Residency program,https://air-j.info/en/eu/,A,open,residencies,Latvia,Not specified,unknown,,"country_url=https://air-j.info/en/eu/country/latvia/; summary=In 2002 a collective of young artists founded NGO Interdisciplinary Art group SERDE. SERDE developed the public workshop centre with technical equipment for experimental and innovative projects, and e",2026-01-19 00:00:00
"VV Foundation PAiR residency Pavilosta, Latvia",https://pair.lv,Residency program,https://air-j.info/en/eu/,A,open,residencies,Latvia,Not specified,unknown,,"country_url=https://air-j.info/en/eu/country/latvia/; summary=Pāvilosta Artist in Residency (PAiR) is a space for inventive encounters, where creators, researchers and curators develop their projects in a stimulating environment free of distractions and conduciv",2026-01-19 00:00:00
"Rupert centre for art, residencies and education Vilnius, Lithuania",https://rupert.lt,Residency program,https://air-j.info/en/eu/,A,open,residencies,Lithuania,Not specified,unknown,,"country_url=https://air-j.info/en/eu/country/lithuania/; summary=Rupert is an independent, publicly funded centre for art, residencies and education. Located in Vilnius, Lithuania, we began operations in 2012. We establish close cooperation between artists, researc",2026-01-19 00:00:00
"Sodas 2123 Vilnius, Lithuania",https://sodas2123.lt/en/,Residency program,https://air-j.info/en/eu/,A,open,residencies,Lithuania,Not specified,unknown,,"country_url=https://air-j.info/en/eu/country/lithuania/; summary=SODAS 2123 cultural centre is a self-governing community-based space, operated and curated by the Lithuanian Interdisciplinary Artists’ Association. It brings together creators and researchers from di",2026-01-19 00:00:00
"Kaunas Artist’s House Kaunas, Lithuania",https://kmn.lt/,Residency program,https://air-j.info/en/eu/,A,open,residencies,Lithuania,Not specified,unknown,,"country_url=https://air-j.info/en/eu/country/lithuania/; summary=Kaunas Artists' House is a vibrant hub for artistic expression and cultural exchange. The emphasis on presenting emerging artists, fostering new ideas, and engaging in cultural experiments indicates a",2026-01-19 00:00:00
"Bridderhaus Esch-sur-Alzette, Luxembourg",https://www.bridderhaus.lu/de/,Residency program,https://air-j.info/en/eu/,A,open,residencies,Luxembourg,Not specified,unknown,,"country_url=https://air-j.info/en/eu/country/luxembourg/; summary=The Bridderhaus art centre was built in 1873 as the first hospital in the city of Esch-sur-Alzette. Open to all contemporary artistic disciplines, the Bridderhaus is primarily a place that is dedicate",2026-01-19 00:00:00
"Casino Luxembourg Ville Haute, Luxembourg",https://casino-luxembourg.lu/en/casino-display,Residency program,https://air-j.info/en/eu/,A,open,residencies,Luxembourg,Not specified,unknown,,"country_url=https://air-j.info/en/eu/country/luxembourg/; summary=Ideally located in the heart of the capital, Casino Luxembourg – Forum d’art contemporain, founded in 1996, holds contemporary art exhibitions with an international programme of mainly younger-generat",2026-01-19 00:00:00
"neimënster – Centre Culturel de Rencontre Abbaye de Neumünster Grund, Luxembourg",https://www.neimenster.lu/en/frontpage/,Residency program,https://air-j.info/en/eu/,A,open,residencies,Luxembourg,Not specified,unknown,,"country_url=https://air-j.info/en/eu/country/luxembourg/; summary=Due to the multidisciplinary nature of neimënster, we offer residencies in a wide range of disciplines: visual arts, dance, composition, literature, performing arts and music. The main criteria for th",2026-01-19 00:00:00
"The Pécs Writers’ Program (Writers’ Residence program in Hungary) Pécs, Hungary",https://magyarirorezidencia.hu/en/residencies,Residency program,https://air-j.info/en/eu/,A,open,residencies,Hungary,Not specified,unknown,,"country_url=https://air-j.info/en/eu/country/hungary/; summary=The Pécs Writers’ Program, which is located in the city of Pécs in southwestern Hungary, was launched in 2007. The program is a familiar solution used the world over to help cultivate and maintain rel",2026-01-19 00:00:00
"HARP Horse and Art Research Program Barnag, Hungary",http://www.horseandart.hu/en,Residency program,https://air-j.info/en/eu/,A,open,residencies,Hungary,Not specified,unknown,,"country_url=https://air-j.info/en/eu/country/hungary/; summary=The Horse and Art Research initiative is a unique residency program since 2015 and was established for those interested in combining equine knowledge and visual arts. We are looking for artists, art h",2026-01-19 00:00:00
"art quarter budapest Budapest, Hungary",https://aqb.hu/,Residency program,https://air-j.info/en/eu/,A,open,residencies,Hungary,Not specified,unknown,,"country_url=https://air-j.info/en/eu/country/hungary/; summary=aqb is an independent art centre in Budapest, Hungary, was initiated in 2012. It functions as an exhibition place for contemporary art, a studio house, and an artist-in-residence program in a unique r",2026-01-19 00:00:00
"LuppArt Residency Budakalász, Hungary",https://artresidency.luppart.hu/luppartresidency/,Residency program,https://air-j.info/en/eu/,A,open,residencies,Hungary,Not specified,unknown,,country_url=https://air-j.info/en/eu/country/hungary/; summary=Ever since the establishment of the LuppArt Foundation in 2015 we have been striving to provide inspiration to those invested in art and artmaking. This is why we have chosen to set up our Residency P,2026-01-19 00:00:00
"Valletta Design Cluster Valletta, Malta",https://www.vca.gov.mt/en/maker-in-residence-mir-programme/,Residency program,https://air-j.info/en/eu/,A,open,residencies,Malta,Not specified,unknown,,"country_url=https://air-j.info/en/eu/country/malta/; summary=The Maker in Residence is a residency programme for Designers and Makers at the Valletta Design Cluster, a community hub for cultural and creative practice in Malta. The residency offers designers tim",2026-01-19 00:00:00
"Spazju Kreattiv Valletta, Malta",https://kreattivita.org/en/,Residency program,https://air-j.info/en/eu/,A,open,residencies,Malta,Not specified,unknown,,country_url=https://air-j.info/en/eu/country/malta/; summary=Spazju Kreattiv invites creatives from all fields for an immersive and community-based artist-in-residence programme with a duration of between two to four weeks. These residencies are based in the co,2026-01-19 00:00:00
"Valletta Contemporary residency Gozo, Malta",https://www.vallettacontemporary.com,Residency program,https://air-j.info/en/eu/,A,open,residencies,Malta,Not specified,unknown,,country_url=https://air-j.info/en/eu/country/malta/; summary=The residency program aims to introduce artists and creative practitioners to Gozo as an inspiring creative environment set amidst a Mediterranean setting with plenty of opportunities for exploration,2026-01-19 00:00:00
"AiR Nieuw en Meer Amsterdam, Netherlands",https://nieuwenmeer.nl/en/studio/artists-in-residence/,Residency program,https://air-j.info/en/eu/,A,open,residencies,Netherlands,Not specified,unknown,,"country_url=https://air-j.info/en/eu/country/netherlands/; summary=Artist community Nieuw en Meer, closed to the center of Amsterdam welcomes applications from artists in all disciplines for work periods of max. three months. Situated within the beautiful surrounding",2026-01-19 00:00:00
"Rijksakademie Amsterdam, Netherlands",https://rijksakademie.nl/,Residency program,https://air-j.info/en/eu/,A,open,residencies,Netherlands,Not specified,unknown,,"country_url=https://air-j.info/en/eu/country/netherlands/; summary=The Rijksakademie offers a two-year international residency programme to around fifty artists that provides space for research, experiment and production of new work. Residents are supported with a st",2026-01-19 00:00:00
"1646 Hague, Netherlands",https://1646.nl/about/,Residency program,https://air-j.info/en/eu/,A,open,residencies,Netherlands,Not specified,unknown,,"country_url=https://air-j.info/en/eu/country/netherlands/; summary=1646 is an art space in The Hague with an experimental, international and free public program. 1646 wants to contribute to an increasingly complex society by challenging existing systems and tradition",2026-01-19 00:00:00
"Jan van Eyck Academie Maastricht , Netherlands",https://www.janvaneyck.nl/,Residency program,https://air-j.info/en/eu/,A,open,residencies,Netherlands,Not specified,unknown,,"country_url=https://air-j.info/en/eu/country/netherlands/; summary=The Jan van Eyck Academie welcomes some 45 participants from all over the world annually. Next to visual artists, the academy is open to designers—ranging from graphic design, fashion, food to social ",2026-01-19 00:00:00
"Van Gogh AiR Zundert, Netherlands",https://www.vangoghhuis.com/en/artist-in-residence/,Residency program,https://air-j.info/en/eu/,A,open,residencies,Netherlands,Not specified,unknown,,country_url=https://air-j.info/en/eu/country/netherlands/; summary=The restored sexton’s house from Van Gogh’s period is just a stone’s throw from the Vincent van Gogh House. A gallery has been established in this annex. Next to this is a guest studio housing a Van G,2026-01-19 00:00:00
"Styria Artist in Residence (St.A.i.R.) Graz, Austria",https://www.kultur.steiermark.at/cms/beitrag/12812695/166342149/,Residency program,https://air-j.info/en/eu/,A,open,residencies,Austria,Not specified,unknown,,country_url=https://air-j.info/en/eu/country/austria/; summary=The Styrian Government awards scholarships to international artists and art theorists from all genres. These scholarships will be for artists of all fields as well as for art theorists. Entitled to pa,2026-01-19 00:00:00
"Atelierhaus Salzamt Linz Linz, Austria",https://blog.salzamt-linz.at/,Residency program,https://air-j.info/en/eu/,A,open,residencies,Austria,Not specified,unknown,,"country_url=https://air-j.info/en/eu/country/austria/; summary=Since July 2009 the Studio House Salzamt is a cultural institution of the city of Linz in a central location at the Danube, is a meeting place for young visual artists from inland and abroad. We offer",2026-01-19 00:00:00
"Künstlerhaus Büchsenhausen Innsbruck, Austria",https://www.buchsenhausen.at,Residency program,https://air-j.info/en/eu/,A,open,residencies,Austria,Not specified,unknown,,"country_url=https://air-j.info/en/eu/country/austria/; summary=The Fellowship Program for Art and Theory has taken place in Büchsenhausen since spring 2003. The program combines the advantages of a residency with the possibilities of a postgraduate, non-academic ",2026-01-19 00:00:00
"Baltic Gallery of Contemporary Art: Centre for Creative Activities in Ustka Ustka, Poland",https://bgsw.pl/en/residences/residence-program/,Residency program,https://air-j.info/en/eu/,A,open,residencies,Poland,Not specified,unknown,,country_url=https://air-j.info/en/eu/country/poland/; summary=The artist residency program has been implemented at the Centre for Creative Activities in Ustka since 2013 as one of the activities of the Baltic Gallery of Contemporary Art. It is addressed to Polis,2026-01-19 00:00:00
"Wyspa Progress Foundation Gdansk, Poland",https://www.wyspaart.pl/en,Residency program,https://air-j.info/en/eu/,A,open,residencies,Poland,Not specified,unknown,,"country_url=https://air-j.info/en/eu/country/poland/; summary=Wyspa Progress Foundation, founded in 1994 in Gdansk, and is a public benefit organization, functioning as an interdisciplinary exhibition, research and educational organization. An important part of ",2026-01-19 00:00:00
"AiR 351 Cascais, Portugal",https://air351.art/about/,Residency program,https://air-j.info/en/eu/,A,open,residencies,Portugal,Not specified,unknown,,"country_url=https://air-j.info/en/eu/country/portugal/; summary=AiR 351 is an international residency program located in Portugal. AiR 351 is an independent, non-profit organization, a studio-based program, operating within the visual arts. By bringing together in",2026-01-19 00:00:00
"Córtex Frontal Arraiolos, Portugal",https://www.cortexfrontal.org,Residency program,https://air-j.info/en/eu/,A,open,residencies,Portugal,Not specified,unknown,,"country_url=https://air-j.info/en/eu/country/portugal/; summary=Córtex Frontal is a multidisciplinary cultural project created in 2016 by the Cultural Association Córtexcult, in Arraiolos, Alentejo, Portugal. Córtex Frontal organizes artist residencies, workshops ",2026-01-19 00:00:00
"The Romanian Association of Contemporary Art (ARAC) Bucharest, Romania",https://www.aracartandresidency.com/residency/,Residency program,https://air-j.info/en/eu/,A,open,residencies,Romania,Not specified,unknown,,"country_url=https://air-j.info/en/eu/country/romania/; summary=The Romanian Association for Contemporary Art (ARAC) is a non-profit organization founded in June 2012, in order to produce and promote contemporary art in Romania and abroad. An important objective o",2026-01-19 00:00:00
"Bucharest AiR Bucharest, Romania",https://bucharestair.com,Residency program,https://air-j.info/en/eu/,A,open,residencies,Romania,Not specified,unknown,,"country_url=https://air-j.info/en/eu/country/romania/; summary=The Residency can host and collaborate with artists and other practitioners working primarily with new media and internet, performance, research-based work, video and moving image practice, voice base",2026-01-19 00:00:00
"Școala de-Acasă Viișoara, Romania",https://www.acasalahundorf.ro,Residency program,https://air-j.info/en/eu/,A,open,residencies,Romania,Not specified,unknown,,country_url=https://air-j.info/en/eu/country/romania/; summary=The At Home in Hundorf Association is the initiator and organizer of the art residency program “Școala de-Acasă” (ȘAH) designed for emerging young artists. Through two-week creative residencies spent,2026-01-19 00:00:00
"MoTA – Museum of Transitory Art Ljubljana, Slovenia",http://www.motamuseum.com,Residency program,https://air-j.info/en/eu/,A,open,residencies,Slovenia,Not specified,unknown,,"country_url=https://air-j.info/en/eu/country/slovenia/; summary=MoTA is a multidisciplinary platform dedicated to advancing the research, production and presentation of transitory, experimental, and live art forms. MoTA is a museum without a permanent collection o",2026-01-19 00:00:00
"MGLC – International Centre of Graphic Arts Ljubljana, Slovenia",https://mglc.si/en/mglc-pro/residencies/,Residency program,https://air-j.info/en/eu/,A,open,residencies,Slovenia,Not specified,unknown,,"country_url=https://air-j.info/en/eu/country/slovenia/; summary=The International Centre of Graphic Arts (MGLC) is a museum specialising in printmaking with extensive international collection and a producer of the Ljubljana Biennale of Graphic Arts. Since 2017, MG",2026-01-19 00:00:00
"At Home Gallery Šamorín, Slovakia",http://www.athomegallery.org/www.athomegallery.org/Home_1.html,Residency program,https://air-j.info/en/eu/,A,open,residencies,Slovakia,Not specified,unknown,,"country_url=https://air-j.info/en/eu/country/slovakia/; summary=This independent, not-for-profit gallery was established in 1995 and is known as a foremost centre for contemporary art in Slovakia. In 1996 they turned the ruined synagogue of Samorin into a centre f",2026-01-19 00:00:00
"Bridge Guard－Residential Art / Science Centre Štúrovo, Slovakia",http://www.bridgeguard.org/,Residency program,https://air-j.info/en/eu/,A,open,residencies,Slovakia,Not specified,unknown,,"country_url=https://air-j.info/en/eu/country/slovakia/; summary=Bridge Guard－Residential Art / Science Centre supports artists, scientists and personalities from other professions who work on projects which place emphasis on uniting, connecting, and bridging. Supp",2026-01-19 00:00:00
"K.A.I.R. Košice Artist in Residence Košice, Slovakia",http://www.kair.sk/,Residency program,https://air-j.info/en/eu/,A,open,residencies,Slovakia,Not specified,unknown,,country_url=https://air-j.info/en/eu/country/slovakia/; summary=K.A.I.R. Košice Artist in Residence was implemented in 2011 as one of the key projects within the frame of “European Capital of Culture” by the NGO “Kosice 2013”. The NGO transformed to Creative Indus,2026-01-19 00:00:00
"Helsinki International Artist Programme (HIAP) Helsinki, Finland",https://www.hiap.fi,Residency program,https://air-j.info/en/eu/,A,open,residencies,Finland,Not specified,unknown,,country_url=https://air-j.info/en/eu/country/finland/; summary=HIAP – Helsinki International Artist Programme is an international artist residency organisation established in 1998. The HIAP residency programme offers time and space for developing new work in dial,2026-01-19 00:00:00
"Saari Residence (Kone Foundation) Hietamäki, Finland",https://koneensaatio.fi/en/saari-residence/residency-applicants/,Residency program,https://air-j.info/en/eu/,A,open,residencies,Finland,Not specified,unknown,,"country_url=https://air-j.info/en/eu/country/finland/; summary=The Saari Residence, maintained by Kone Foundation, is a residence located in Mynämäki, Southwest Finland, for artists of all disciplines and nationalities. At the Saari Residence, artists and researc",2026-01-19 00:00:00
"RaumArs Rauma, Finland",https://raumars.org/,Residency program,https://air-j.info/en/eu/,A,open,residencies,Finland,Not specified,unknown,,"country_url=https://air-j.info/en/eu/country/finland/; summary=RaumArs is one of Finland's oldest artist residencies, where artists from different disciplines carry out collaborative and participatory art projects, workshops, events and performances with local co",2026-01-19 00:00:00
"Serlachius Residency Mänttä, Finland",https://serlachiusresidency.fi/en/,Residency program,https://air-j.info/en/eu/,A,open,residencies,Finland,Not specified,unknown,,"country_url=https://air-j.info/en/eu/country/finland/; summary=The Serlachius Residency is a guest studio, maintained by Gösta Serlachius Fine Arts Foundation, for professionals of the creative sector working in the visual arts. The Serlachius Residency was estab",2026-01-19 00:00:00
"Björkö Konstnod Björkö, Sweden",http://bjorkokonstnod.se/,Residency program,https://air-j.info/en/eu/,A,open,residencies,Sweden,Not specified,unknown,,"country_url=https://air-j.info/en/eu/country/sweden/; summary=Björkö Konstnod (BKN) is an artist run space where the forest meets the sea in the Northern Stockholm Archipelago Sweden, welcoming artists of diverse ages, backgrounds, and disciplines in the explora",2026-01-19 00:00:00
"Art Inside Out Halmstad, Sweden",https://artinsideout.se/en,Residency program,https://air-j.info/en/eu/,A,open,residencies,Sweden,Not specified,unknown,,country_url=https://air-j.info/en/eu/country/sweden/; summary=Art Inside Out is a nomadic art institution in Halland (South-West of Sweden) that works with contemporary art in new and unexpected places. Art Inside Out invites artists in different genres and art,2026-01-19 00:00:00
"IASPIS Stockholm, Sweden",https://www.konstnarsnamnden.se/en/international-programmes-and-residencies/iaspis-international-programme-for-visual-and-applied-arts/iaspis-residency-programmes/,Residency program,https://air-j.info/en/eu/,A,open,residencies,Sweden,Not specified,unknown,,"country_url=https://air-j.info/en/eu/country/sweden/; summary=IASPIS is the Swedish Arts Grants Committee's international programme for Visual and Applied Arts. The IASPIS residency programme in Stockholm has nine studios, four for Sweden-based and five for inte",2026-01-19 00:00:00
