org_name,org_website,org_type,source_link,source_type,access_status,opportunity_type,geographic_focus,mediums_supported,estimated_opp_per_year
Kala Yatra Artist Residency,https://kalayatra.org/apply-air,Arts Organization,https://artistcommunities.org/directory/residencies/kala-yatra-artist-residency-nepal-2026,residencies,open,residency,"Kathmandu, Nepal",multidisciplinary,1.0
Corsicana Artist and Writer Residency,https://www.corsicanaresidency.org/apply,Arts Organization,https://artistcommunities.org/directory/residencies/100-west-corsicana-artist-writer-residency,residencies,open,residency,"Corsicana, TX","visual arts, writing",1.0
Gibraltar Point Centre for the Arts,https://www.gibraltarpointcentre.ca/residencies,Arts Organization,https://artistcommunities.org/directory/residencies/2025-artist-writer-residencies-gibraltar-point-toronto-island,residencies,open,residency,"Toronto, ON, Canada","visual arts, writing",2026-05-10 00:00:00
Eutopia Art Residency,https://eutopiaart.com/,Arts Organization,https://artistcommunities.org/directory/residencies/2025-eutopia-art-residencies-greece,residencies,open,residency,"Kavala, Greece",multidisciplinary,1.0
Oolite Arts,https://oolitearts.org/,Arts Organization,https://artistcommunities.org/directory/residencies/2025-oolite-arts-liveinart-residency-program,residencies,open,residency,"Miami Beach, FL",multidisciplinary,10+
Eureka Springs School of the Arts,https://essa-art.org/,Arts Organization,https://artistcommunities.org/directory/residencies/2026-mentored-woodworking-residency-doug-stowe,residencies,open,residency,"Eureka Springs, AR",woodworking,1.0
Eureka Springs School of the Arts,https://essa-art.org/,Arts Organization,https://artistcommunities.org/directory/residencies/2026-springsummer-ceramics-artist-residency-program,residencies,open,residency,"Eureka Springs, AR",ceramics,1.0
Tyler School of Art and Architecture,https://tyler.temple.edu/news/2026/01/announcing-2027-edgar-heap-birds-family-artist-residency,Educational Institution,https://artistcommunities.org/directory/residencies/2027-edgar-heap-birds-family-artist-residency,residencies,open,residency,"Philadelphia, PA",multidisciplinary,1.0
Proyecto´ace,https://www.proyectoace.org/en/home-2/,Arts Organization,https://artistcommunities.org/directory/residencies/ap-residency,residencies,open,residency,"Buenos Aires, Argentina",multidisciplinary,10+
Abbey Foundation for the Arts,http://abbeyfoundationforthearts.org/,Foundation,https://artistcommunities.org/directory/residencies/abbey-foundation-studio-grant,residencies,open,residency,"Boonville, CA",visual arts,2.0
Atlantic Center for the Arts,https://atlanticcenterforthearts.org/,Arts Organization,https://artistcommunities.org/directory/residencies/aca-mentoring-artist-residency-program,residencies,open,residency,"New Smyrna Beach, FL",multidisciplinary,10+
Atlantic Center for the Arts,https://atlanticcenterforthearts.org/,Arts Organization,https://artistcommunities.org/directory/residencies/aca-residency-196-feb-8-28-2026,residencies,open,residency,"New Smyrna Beach, FL",multidisciplinary,1.0
Atlantic Center for the Arts,https://atlanticcenterforthearts.org/home/soundscape-field-station/,Arts Organization,https://artistcommunities.org/directory/residencies/aca-soundscape-field-station-canaveral-national-seashore,residencies,open,residency,"New Smyrna Beach, FL",sound art,2026-05-10 00:00:00
Trillium Arts,https://www.trilliumartsnc.org/,Arts Organization,https://artistcommunities.org/directory/residencies/ace-ashevillechicago-exchange-choreographic-fellowship,residencies,invitation,"residency, fellowship","Mars Hill, NC",dance,2026-01-05 00:00:00
ACRE,https://www.acreresidency.org/,Arts Organization,https://artistcommunities.org/directory/residencies/acre,residencies,open,residency,"Steuben, WI",multidisciplinary,10+
Boston Center for the Arts,https://artistcommunities.org/directory/residencies/activate-residency,Arts Organization,https://artistcommunities.org/directory/residencies/activate-residency,residencies,open,residency,"Boston, MA",multidisciplinary,10+
Newport Art Museum,https://newportartmuseum.org/education/air-newport//,Museum,https://artistcommunities.org/directory/residencies/airnewport,residencies,open,residency,"Newport, RI",visual arts,2026-01-05 00:00:00
Miller Art Museum,https://millerartmuseum.org,Museum,https://artistcommunities.org/directory/residencies/al-mickey-quinlan-artist-residency,residencies,open,residency,"Sturgeon Bay, WI",visual arts,1.0
Chulitna Lodge Wilderness Retreat,http://chulitnalodge.com/artists,Arts Organization,https://artistcommunities.org/directory/residencies/alaska-chulitna-lodge-wilderness-retreat-creative-residency,residencies,open,residency,"Port Alsworth, AK",multidisciplinary,2026-05-10 00:00:00
Bunnell Street Arts Center,https://www.bunnellarts.org/,Arts Organization,https://artistcommunities.org/directory/residencies/alaska-air-bunnell-street-arts-center-artist-residence,residencies,open,residency,"Homer, AK",multidisciplinary,2026-05-10 00:00:00
Alchemy Artists Residency,https://makealchemy.com/,Arts Organization,https://artistcommunities.org/directory/residencies/alchemy-artists-residency,residencies,open,residency,"Toronto, ON, Canada",multidisciplinary,10+
Alderworks Alaska Writers and Artists Retreat,http://alderworksalaska.com/,Arts Organization,https://artistcommunities.org/directory/residencies/alderworks-alaska-writers-and-artists-retreat,residencies,open,residency,"Skagway, AK","visual arts, writing",3.0
Anderson Center at Tower View,https://www.andersoncenter.org/,Arts Organization,https://artistcommunities.org/directory/residencies/anderson-center-tower-view-artist-residency-program,residencies,open,residency,"Red Wing, MN",multidisciplinary,10+
Anderson Center at Tower View,https://www.andersoncenter.org/,Arts Organization,https://artistcommunities.org/directory/residencies/anderson-center-tower-view-early-career-artist-residency-program,residencies,open,residency,"Red Wing, MN",multidisciplinary,1.0
Anderson Ranch Arts Center,https://www.andersonranch.org/programs/artists-in-residence-program/,Arts Organization,https://artistcommunities.org/directory/residencies/anderson-ranch-artists-residence-program,residencies,open,residency,"Snowmass Village, CO",visual arts,2026-05-10 00:00:00
Archie Bray Foundation,https://archiebray.org/,Foundation,https://artistcommunities.org/directory/residencies/archie-bray-foundation-long-term-residency,residencies,open,residency,"Helena, MT",ceramics,2026-05-10 00:00:00
Archie Bray Foundation,https://archiebray.org/,Foundation,https://artistcommunities.org/directory/residencies/archie-bray-foundation-summer-residency,residencies,open,residency,"Helena, MT",ceramics,2026-05-10 00:00:00
Arroscia,https://arrosciaresidency.org,Arts Organization,https://artistcommunities.org/directory/residencies/arroscia-residency,residencies,open,residency,"Pieve di Teco, Italy",visual arts,2026-05-10 00:00:00
Arrowmont School of Arts and Crafts,https://www.arrowmont.org/artist-in-residence/how-to-apply/,Arts Organization,https://artistcommunities.org/directory/residencies/arrowmont-school-arts-and-crafts-artists-residence-program,residencies,open,residency,"Gatlinburg, TN",crafts,2026-05-10 00:00:00
Women's Studio Workshop,https://wsworkshop.org/residencies/art-in-ed-workspace-residency/,Arts Organization,https://artistcommunities.org/directory/residencies/art-education-workspace-residency,residencies,open,residency,"Kingston, NY",visual arts,2026-01-05 00:00:00
Michigan State University,https://arts.msu.edu/discover/key-initiatives/,Educational Institution,https://artistcommunities.org/directory/residencies/art-msu-and-university-health-and-wellbeing-artist-residence,residencies,open,residency,"East Lansing, MI",multidisciplinary,1.0
Art Omi,https://artomi.org/residencies,Arts Organization,https://artistcommunities.org/directory/residencies/art-omi,residencies,open,residency,"Ghent, NY",multidisciplinary,10+
Newnan Art Rez,https://newnanartist.org/,Arts Organization,https://artistcommunities.org/directory/residencies/art-rez-newnan-ga,residencies,open,residency,"Newnan, GA",multidisciplinary,2026-05-10 00:00:00
L.a. Studio & ART-14,https://www.lastudio.org/home,Arts Organization,https://artistcommunities.org/directory/residencies/art-14-residency-program,residencies,open,residency,"Patton, PA",multidisciplinary,2026-05-10 00:00:00
Arte Studio Ginestrelle,https://artestudioginestrelle.wordpress.com/,Arts Organization,https://artistcommunities.org/directory/residencies/arte-studio-ginestrelle,residencies,open,residency,"Assisi, Italy","visual arts, writing",10+
Iris Art Centre,http://www.irisartcentre.com/,Arts Organization,https://artistcommunities.org/directory/residencies/artist-coaching-residency,residencies,open,residency,"Afidnes, Greece",multidisciplinary,2026-05-10 00:00:00
The Factory,https://www.factoryonwillow.com/air,Arts Organization,https://artistcommunities.org/directory/residencies/artist-residence-factory,residencies,open,residency,"Manchester, NH",multidisciplinary,2026-05-10 00:00:00
Watershed Center for the Ceramic Arts,https://www.watershedceramics.org/,Arts Organization,https://artistcommunities.org/directory/residencies/artist-residencies,residencies,open,residency,"Newcastle, ME",ceramics,10+
The Studios of Key West,https://tskw.org/,Arts Organization,https://artistcommunities.org/directory/residencies/artist-residencies-key-west-fl,residencies,open,residency,"Key West, FL",multidisciplinary,10+
Truro Center For The Arts At Castle Hill,https://www.castlehill.org/opportunities#edgewood-residency,Arts Organization,https://artistcommunities.org/directory/residencies/artist-residency-edgewood-farm,residencies,open,residency,"Truro, MA",multidisciplinary,2026-05-10 00:00:00
Peninsula School of Art,https://www.peninsulaschoolofart.org/,Arts Organization,https://artistcommunities.org/directory/residencies/artist-residence-programs-peninsula-school-art,residencies,open,residency,"Fish Creek, WI",visual arts,6.0
Artists in Residence in Everglades (AIRIE),https://www.airie.org/,Arts Organization,https://artistcommunities.org/directory/residencies/artists-residence-everglades-airie-residency-program,residencies,open,residency,"Homestead, FL",multidisciplinary,10+
Armory Art Center,https://armoryart.org/art-center-programs/artist-in-residence/,Arts Organization,https://artistcommunities.org/directory/residencies/artists-residence-program-0,residencies,open,residency,"West Palm Beach, FL",visual arts,2026-05-10 00:00:00
Women's Studio Workshop,https://wsworkshop.org/residencies/artists-book-residency-grant/,Arts Organization,https://artistcommunities.org/directory/residencies/artists-book-residency-grant,residencies,open,"residency, grant","Kingston, NY",visual arts,2026-01-05 00:00:00
Lower Manhattan Cultural Council,https://lmcc.net/,Arts Organization,https://artistcommunities.org/directory/residencies/arts-center-residency,residencies,open,residency,"New York, NY",multidisciplinary,10+
Tofte Lake Center,https://toftelake.org/,Arts Organization,https://artistcommunities.org/directory/residencies/arts-educators-residency,residencies,open,residency,"Ely, MN",multidisciplinary,6.0
Asia Culture Center,https://www.acc.go.kr/en,Arts Organization,https://artistcommunities.org/directory/residencies/asia-culture-center-international-residency,residencies,open,residency,"Gwangju, South Korea",multidisciplinary,10+
ARCAthens,https://arcathens.org/,Arts Organization,https://artistcommunities.org/directory/residencies/athens-residency-program,residencies,open,residency,"Athens, Greece",visual arts,10+
Aviário Studio,https://www.aviariostudio.eu/,Arts Organization,https://artistcommunities.org/directory/residencies/aviario-studio-art-residency,residencies,open,residency,"Ferreira do Zêzere, Portugal",multidisciplinary,10+
Aviário Studio,https://www.aviariostudio.eu/,Arts Organization,https://artistcommunities.org/directory/residencies/aviario-studio-artist-book-residency,residencies,open,residency,"Ferreira do Zêzere, Portugal",artist books,10+
Aviário Studio,https://www.aviariostudio.eu/,Arts Organization,https://artistcommunities.org/directory/residencies/aviario-studio-ceramics-residency,residencies,open,residency,"Ferreira do Zêzere, Portugal",ceramics,10+
Aviário Studio,https://www.aviariostudio.eu/,Arts Organization,https://artistcommunities.org/directory/residencies/aviario-studio-large-format-residency,residencies,open,residency,"Ferreira do Zêzere, Portugal",visual arts,2026-05-10 00:00:00
Aviário Studio,https://www.aviariostudio.eu/,Arts Organization,https://artistcommunities.org/directory/residencies/aviario-studio-multidisciplinary-residency,residencies,open,residency,"Ferreira do Zêzere, Portugal",multidisciplinary,10+
Aviário Studio,https://www.aviariostudio.eu/,Arts Organization,https://artistcommunities.org/directory/residencies/aviario-studio-photography-residency,residencies,open,residency,"Ferreira do Zêzere, Portugal",photography,2026-05-10 00:00:00
Aviário Studio,https://www.aviariostudio.eu/,Arts Organization,https://artistcommunities.org/directory/residencies/aviario-studio-printmaking-residency,residencies,open,residency,"Ferreira do Zêzere, Portugal",printmaking,10+
Arteles Creative Center,https://www.arteles.org/,Arts Organization,https://artistcommunities.org/directory/residencies/back-basics-thematic-residency-program-finland,residencies,open,residency,"Haukijärvi, Finland",multidisciplinary,2026-05-10 00:00:00
Banff Centre for Arts & Creativity,https://www.banffcentre.ca/,Arts Organization,https://artistcommunities.org/directory/residencies/banff-centre-arts-creativity-cultural-leadership,residencies,open,residency,"Banff, Canada",cultural leadership,10+
Banff Centre for Arts & Creativity,https://www.banffcentre.ca/,Arts Organization,https://artistcommunities.org/directory/residencies/banff-centre-arts-creativity-indigenous-arts,residencies,open,residency,"Banff, Canada",indigenous arts,2026-05-10 00:00:00
Banff Centre for Arts & Creativity,https://www.banffcentre.ca/,Arts Organization,https://artistcommunities.org/directory/residencies/banff-centre-arts-creativity-literary-arts,residencies,open,residency,"Banff, Canada",writing,10+
Banff Centre for Arts & Creativity,https://www.banffcentre.ca/,Arts Organization,https://artistcommunities.org/directory/residencies/banff-centre-arts-creativity-mountain-culture,residencies,open,residency,"Banff, Canada","film, writing",10+
Banff Centre for Arts & Creativity,https://www.banffcentre.ca/,Arts Organization,https://artistcommunities.org/directory/residencies/banff-centre-arts-creativity-performing-arts,residencies,open,residency,"Banff, Canada",performing arts,10+
Banff Centre for Arts & Creativity,https://www.banffcentre.ca/,Arts Organization,https://artistcommunities.org/directory/residencies/banff-centre-arts-creativity-visual-arts,residencies,open,residency,"Banff, Canada",visual arts,10+
Boston Center for the Arts,https://bostonarts.org/,Arts Organization,https://artistcommunities.org/directory/residencies/bca-dance-lab-residency,residencies,open,residency,"Boston, MA",dance,10+
Boston Center for the Arts,https://bostonarts.org/,Arts Organization,https://artistcommunities.org/directory/residencies/bca-playwright-residency,residencies,open,residency,"Boston, MA",playwriting,2026-05-10 00:00:00
Bemis Center for Contemporary Arts,https://www.bemiscenter.org/,Arts Organization,https://artistcommunities.org/directory/residencies/bemis-center-contemporary-arts,residencies,open,residency,"Omaha, NE",multidisciplinary,10+
Bethany Arts Community,https://bethanyarts.org/,Arts Organization,https://artistcommunities.org/directory/residencies/bethany-arts-community-annual-fall-multidisciplinary-residency,residencies,open,residency,"Ossining, NY",multidisciplinary,10+
Bethany Arts Community,https://bethanyarts.org/,Arts Organization,https://artistcommunities.org/directory/residencies/bethany-arts-community-annual-poetry-residency,residencies,open,residency,"Ossining, NY",poetry,2026-05-10 00:00:00
Bethany Arts Community,https://bethanyarts.org/,Arts Organization,https://artistcommunities.org/directory/residencies/bethany-arts-community-emerging-artist-fellowship,residencies,open,"residency, fellowship","Ossining, NY",multidisciplinary,1.0
Zaccho Dance Theatre,https://zaccho.org/?resids_black-futures=,Arts Organization,https://artistcommunities.org/directory/residencies/black-futures,residencies,open,residency,"San Francisco, CA",dance,2026-05-10 00:00:00
Bloedel Reserve,https://bloedelreserve.org/creative-residency/,Arts Organization,https://artistcommunities.org/directory/residencies/bloedel-reserve-creative-residency,residencies,open,residency,"Bainbridge Island, WA",multidisciplinary,2026-05-10 00:00:00
BOOM Concepts,https://www.boomuniverse.co/,Arts Organization,https://artistcommunities.org/directory/residencies/boom-universe-residency-alloy-studios,residencies,invitation,residency,"Pittsburgh, PA",multidisciplinary,2026-05-10 00:00:00
Boston Center for the Arts,https://bostonarts.org/,Arts Organization,https://artistcommunities.org/directory/residencies/boston-dancemakers-residency,residencies,open,residency,"Boston, MA",dance,10+
Branscombe House Artist Residency,https://www.richmond.ca/branscomberesidency,Arts Organization,https://artistcommunities.org/directory/residencies/branscombe-house-artist-residency,residencies,open,residency,"Richmond, Canada",multidisciplinary,1.0
Bryn Du Mansion,https://www.bryndu.com/artist-in-residence-program,Arts Organization,https://artistcommunities.org/directory/residencies/bryn-du-artist-residence-program,residencies,open,residency,"Granville, OH",multidisciplinary,2026-05-10 00:00:00
Buinho,https://buinho.pt/,Arts Organization,https://artistcommunities.org/directory/residencies/buinho-residency-program-portugal,residencies,open,residency,"Messejana, Portugal",multidisciplinary,10+
Woodstock Byrdcliffe Guild,http://www.woodstockguild.org/,Arts Organization,https://artistcommunities.org/directory/residencies/byrdcliffe-artists-residence-program,residencies,open,residency,"Woodstock, NY",multidisciplinary,10+
Gibraltar Point Centre for the Arts,https://gibraltarpointcentre.ca/2025/03/call-for-proposals-winter-2026-thematic-residencies-at-gibraltar-point/,Arts Organization,https://artistcommunities.org/directory/residencies/call-proposals-winter-2026-thematic-residencies-gibraltar-point,residencies,open,residency,"Toronto, Canada",multidisciplinary,2026-05-10 00:00:00
The Camargo Foundation,https://camargofoundation.org/apply/current-calls/,Foundation,https://artistcommunities.org/directory/residencies/camargo-fellowship,residencies,open,"residency, fellowship","Cassis, France","arts, humanities",10+
Center for the Arts Evergreen,https://evergreenarts.org/artistinresidence/,Arts Organization,https://artistcommunities.org/directory/residencies/center-arts-evergreen-artist-residence-program,residencies,open,residency,"Evergreen, CO",multidisciplinary,2026-05-10 00:00:00
Truro Center For The Arts At Castle Hill,https://www.castlehill.org/opportunities,Arts Organization,https://artistcommunities.org/directory/residencies/ceramic-residency-castle-hill,residencies,open,residency,"Truro, MA",ceramics,2026-05-10 00:00:00
Eureka Springs School of the Arts,https://essa-art.org/instructors/residency-program/,Arts Organization,https://artistcommunities.org/directory/residencies/ceramics-residency-essa,residencies,open,residency,"Eureka Springs, AR",ceramics,2026-05-10 00:00:00
Chalk Hill Artist Residency,https://www.chalkhillresidency.com/,Arts Organization,https://artistcommunities.org/directory/residencies/chalk-hill-artist-residency-program,residencies,open,residency,"Healdsburg, CA",multidisciplinary,2026-05-10 00:00:00
Chateau d'Orquevaux,https://www.chateauorquevaux.com/,Arts Organization,https://artistcommunities.org/directory/residencies/chateau-dorquevaux-artists-writers-residency-france,residencies,open,residency,"Orquevaux, France","visual arts, writing",10+
V4L Arts,https://v4larts.com/,Arts Organization,https://artistcommunities.org/directory/residencies/china-folk-house-air,residencies,invitation,residency,"Harpers Ferry, WV",folk arts,2026-01-05 00:00:00
Chunk Of The Moon,https://www.madisonmurphybarney.com/chunk-of-the-moon-artist-residency,Arts Organization,https://artistcommunities.org/directory/residencies/chunk-moon,residencies,open,residency,"Middlesex, VT",multidisciplinary,2026-05-10 00:00:00
Nekubi Art Residency,https://www.nekubi.com/,Arts Organization,https://artistcommunities.org/directory/residencies/cities-sea-re-imagine-mediterranean-2025-art-residency-greece,residencies,open,residency,"Kavala, Greece",multidisciplinary,2026-05-10 00:00:00
Civitella Ranieri Foundation,https://civitella.org/,Foundation,https://artistcommunities.org/directory/residencies/civitella-ranieri,residencies,nomination,residency,"Umbertide, Italy","visual arts, writing, music",10+
"Core Program | The Museum of Fine Arts, Houston",https://www.mfah.org/fellowships/core-program/,Museum,https://artistcommunities.org/directory/residencies/core-residency-program,residencies,open,residency,"Houston, TX","visual arts, writing",10+
Cow House Studios,https://cowhousestudios.com/artist-residencies/,Arts Organization,https://artistcommunities.org/directory/residencies/cow-house-studios,residencies,open,residency,"Enniscorthy, Ireland",visual arts,10+
The Skopelos Foundation for the Arts,http://www.skopartfoundation.org/,Foundation,https://artistcommunities.org/directory/residencies/create-art-beautiful-island-skopelos-greece,residencies,open,residency,"Skopelos, Greece","ceramics, visual arts",10+
Craigardan,http://craigardan.org/,Arts Organization,https://artistcommunities.org/directory/residencies/creative-residency-program,residencies,open,residency,"Elizabethtown, NY",multidisciplinary,10+
Creekside Arts,https://creeksidearts.org/,Arts Organization,https://artistcommunities.org/directory/residencies/creekside-arts-residency-program,residencies,open,residency,"Eureka, CA",multidisciplinary,2026-05-10 00:00:00
Crosstown Arts Residency,https://crosstownarts.org/,Arts Organization,https://artistcommunities.org/directory/residencies/crosstown-arts-residency-program,residencies,open,residency,"Memphis, TN",multidisciplinary,10+
CubaSeen,https://santafeworkshops.com/workshop/cubaseen-artist-in-residency-in-havana/,Arts Organization,https://artistcommunities.org/directory/residencies/cubaseen-artist-residency-havana,residencies,open,residency,"Havana, Cuba",multidisciplinary,2026-05-10 00:00:00
The Respite,https://respiteintheround.squarespace.com/cultural,Arts Organization,https://artistcommunities.org/directory/residencies/cultural-nature-based-retreat,residencies,open,residency,"Rougemont, NC",multidisciplinary,2026-05-10 00:00:00
Cuttyhunk Island Artists' Residency,https://www.cuttyhunkislandresidency.com/artists,Arts Organization,https://artistcommunities.org/directory/residencies/cuttyhunk-island-artists-residency,residencies,open,residency,"Cuttyhunk, MA",multidisciplinary,2026-05-10 00:00:00
North American Cultural Laboratory (NACL),https://www.nacl.org/,Arts Organization,https://artistcommunities.org/directory/residencies/deep-space-performance-residency,residencies,open,residency,"Highland Lake, NY",performance,2026-05-10 00:00:00
Djerassi Resident Artists Program,https://djerassi.org/,Arts Organization,https://artistcommunities.org/directory/residencies/djerassi-resident-artists-program,residencies,open,residency,"Woodside, CA",multidisciplinary,10+
Dorland Mountain Arts,https://www.dorlandmountainarts.org/,Arts Organization,,residencies,open,residency,"Temecula, CA",multidisciplinary,10+
Drawn to the Camino,https://www.drawntothecamino.com/,Arts Organization,,residencies,open,residency,"Santiago de Compostela, Spain","walking, arts",10+
Provincetown Community Compact,https://thecompact.org/dune-shacks.html,Arts Organization,,residencies,open,residency,"Provincetown, MA",multidisciplinary,10+
SPACES,https://www.spacescle.org/,Arts Organization,,residencies,open,residency,"Cleveland, OH",multidisciplinary,10+
Sitka Center for Art and Ecology,https://www.sitkacenter.org/,Arts Organization,,residencies,open,residency,"Otis, OR","art, ecology",2026-05-10 00:00:00
Organization of Biological Field Stations,https://obfs.org/field-stations/art/,Arts Organization,,residencies,open,residency,"Cambridge, MA","art, science",10+
Tyler School of Art,https://tyler.temple.edu/temple-contemporary,Educational Institution,https://artistcommunities.org/directory/residencies/edgar-heap-birds-family-artist-residency,residencies,open,residency,"Philadelphia, PA",multidisciplinary,1.0
Elf School of the Arts,https://elfschoolofthearts.org/,Arts Organization,https://artistcommunities.org/directory/residencies/elf-school-arts-residency,residencies,open,residency,"Hayesville, NC",multidisciplinary,10+
Oak Spring Garden Foundation,https://www.osgf.org/,Foundation,https://artistcommunities.org/directory/residencies/eliza-moore-fellowship-artistic-excellence,residencies,open,"residency, fellowship","Upperville, VA",multidisciplinary,2026-01-05 00:00:00
Collar Works,http://www.collarworks.org/,Arts Organization,https://artistcommunities.org/directory/residencies/elizabeth-murray-artist-residency-collar-works,residencies,open,residency,"Granville, NY",visual arts,2026-05-10 00:00:00
Ellis-Beauregard Foundation,http://ellis-beauregardfoundation.org/,Foundation,https://artistcommunities.org/directory/residencies/ellis-beauregard-foundation-artist-resident-program,residencies,open,residency,"Rockland, ME",visual arts,2026-05-10 00:00:00
Centrum Residency Program,https://centrum.org/,Arts Organization,https://artistcommunities.org/directory/residencies/emerging-artist-and-writers-residency,residencies,open,residency,"Port Townsend, WA",multidisciplinary,2026-05-10 00:00:00
Pilchuck Glass School,https://www.pilchuck.org/,Arts Organization,https://artistcommunities.org/directory/residencies/emerging-artist-residence-program,residencies,open,residency,"Stanwood, WA",glass,6.0
Emmanuel College Artist Residency,https://www.emmanuel.edu/ecar,Educational Institution,https://artistcommunities.org/directory/residencies/emmanuel-college-artist-residence,residencies,open,residency,"Boston, MA",visual arts,4.0
Essere Writer & Artist Residency,https://www.essereresidency.org/,Arts Organization,https://artistcommunities.org/directory/residencies/essere-writer-artist-residency,residencies,open,residency,"Cetona, Italy","visual arts, writing",10+
Ey!Studio,N/A - Page not found,Arts Organization,https://artistcommunities.org/directory/residencies/eystudio-artist-residency,residencies,open,residency,"Madrid, Spain",visual arts,10+
Arteles Creative Center,https://www.arteles.org/,Arts Organization,https://artistcommunities.org/directory/residencies/fall-focus-residency-program-finland,residencies,open,residency,"Hämeenkyrö, Finland",multidisciplinary,10+
Tofte Lake Center,https://toftelake.org/,Arts Organization,https://artistcommunities.org/directory/residencies/family-artist-residency,residencies,open,residency,"Ely, MN",multidisciplinary,2026-05-10 00:00:00
V4L Arts,https://v4larts.com/farwell-cottage-residency,Arts Organization,https://artistcommunities.org/directory/residencies/farwell-cottage-residency,residencies,open,residency,"Hillsboro, VA",multidisciplinary,2026-01-05 00:00:00
Fine Arts Work Center,https://fawc.org/,Arts Organization,https://artistcommunities.org/directory/residencies/fellowship-program,residencies,open,"residency, fellowship","Provincetown, MA","visual arts, writing",10+
Kala Art Institute,http://www.kala.org/,Arts Organization,https://artistcommunities.org/directory/residencies/fellowship-program-0,residencies,open,"residency, fellowship","Berkeley, CA",visual arts,10+
Fine Arts Work Center,https://fawc.org/,Arts Organization,https://artistcommunities.org/directory/residencies/fine-arts-work-center-visual-arts-fellowship,residencies,open,"residency, fellowship","Provincetown, MA",visual arts,10+
Foundation House,http://foundationhousect.org/,Arts Organization,https://artistcommunities.org/directory/residencies/foundation-house-artist-residency-program,residencies,open,residency,"Greenwich, CT",multidisciplinary,2026-05-10 00:00:00
Fountainhead Arts,http://www.fountainheadarts.org/,Arts Organization,https://artistcommunities.org/directory/residencies/fountainhead-residency,residencies,open,residency,"Miami, FL",multidisciplinary,10+
Glass Box Studio | Leigh Yawkey Woodson Art Museum,https://www.lywam.org/,Museum,https://artistcommunities.org/directory/residencies/glass-box-studio,residencies,open,residency,"Wausau, WI",multidisciplinary,2026-05-10 00:00:00
Golden Apple Art Residency,Golden Apple Studio and Golden Apple Art Residency,Arts Organization,Golden Apple Art Residency | Artist Communities Alliance,residencies,open,residency,"Harrington, ME",multidisciplinary,1.0
Golden Spot Residency for Oregon Visual Artists,https://www.sitkacenter.org/,Arts Organization,https://artistcommunities.org/directory/residencies/golden-spot-residency-oregon-visual-artists,residencies,open,residency,"Otis, OR",visual arts,1.0
Good Hart Artist Residency,https://goodhartartistresidency.org/,Arts Organization,https://artistcommunities.org/directory/residencies/good-hart-artist-residency,residencies,open,residency,"Harbor Springs, MI","visual arts, writers, composers",10+
Grabart Art Print Barcelona,https://www.grabart.net/,Arts Organization,https://artistcommunities.org/directory/residencies/grabart-art-print-barcelona,residencies,open,residency,"Barcelona, Spain",printmaking,1.0
Grand Canyon Artist-In-Residence,http://www.grandcanyon.org/,Arts Organization,https://artistcommunities.org/directory/residencies/grand-canyon-artist-residence,residencies,open,residency,"Grand Canyon, AZ",multidisciplinary,1.0
Grand Canyon Astronomer-in-Residence,https://www.grandcanyon.org/,Arts Organization,https://artistcommunities.org/directory/residencies/grand-canyon-astronomer-residence,residencies,open,residency,"Grand Canyon, AZ",astronomy,1.0
Grand Marais Art Colony Residencies,https://grandmaraisartcolony.org/,Arts Organization,https://artistcommunities.org/directory/residencies/grand-marais-art-colony-residencies,residencies,open,residency,"Grand Marais, MN",visual arts,10+
Grant Wood Fellow in Interdisciplinary Performance-Theatre,https://grantwood.uiowa.edu/fellowship/interdisciplinary-performance,Educational Institution,https://artistcommunities.org/directory/residencies/grant-wood-fellow-interdisciplinary-performance-theatre,residencies,open,"residency, fellowship","Iowa City, IA","performance, theatre",1.0
Green Box Artist-In-Residency Program,http://www.greenboxarts.org/,Arts Organization,https://artistcommunities.org/directory/residencies/green-box-artist-residency-program,residencies,open,residency,"Green Mountain Falls, CO",multidisciplinary,10+
"Green Olive Arts Residency in Tetouan, Morocco",http://www.greenolivearts.com/,Arts Organization,https://artistcommunities.org/directory/residencies/green-olive-arts-residency-tetouan-morocco,residencies,open,residency,"Tetouan, Morocco",multidisciplinary,1.0
Grünewald Guild Residency,https://grunewaldguild.com/,Arts Organization,https://artistcommunities.org/directory/residencies/grunewald-guild-residency,residencies,open,residency,"Leavenworth, WA",multidisciplinary,1.0
Guest Artists Space Foundation,https://www.guestartistsspace.com/,Foundation,https://artistcommunities.org/directory/residencies/guest-artists-space-foundation,residencies,invitation,residency,"Oniru, Lagos, Nigeria",multidisciplinary,1.0
Hambidge Creative Residency Program,https://www.hambidge.org/,Arts Organization,https://artistcommunities.org/directory/residencies/hambidge-creative-residency-program,residencies,open,residency,"Rabun Gap, GA",multidisciplinary,10+
Haystack Open Studio Residency,https://www.haystack-mtn.org/,Arts Organization,https://artistcommunities.org/directory/residencies/haystack-open-studio-residency,residencies,open,residency,"Deer Isle, ME",crafts,1.0
Headlands Artist in Residence,https://www.headlands.org/,Arts Organization,https://artistcommunities.org/directory/residencies/headlands-artist-residence,residencies,open,residency,"Sausalito, CA",multidisciplinary,50+
Headwaters Residency,https://headwatersresidency.org/,Arts Organization,https://artistcommunities.org/directory/residencies/headwaters-residency,residencies,open,residency,"Bethlehem, NH","writing, visual arts",10+
Hedgebrook Writer-in-Residence,https://www.hedgebrook.org/residencies,Arts Organization,https://artistcommunities.org/directory/residencies/hedgebrook-writer-residence,residencies,open,residency,"Freeland, WA",writing,10+
Hewnoaks Artist Residency: Summer Residency,https://hewnoaks.org/,Arts Organization,https://artistcommunities.org/directory/residencies/hewnoaks-artist-residency-summer-residency,residencies,open,residency,"Portland, ME",multidisciplinary,10+
Hypatia-in-the-Woods Residency,https://hypatiainthewoods.org/,Arts Organization,https://artistcommunities.org/directory/residencies/hypatia-woods-residency,residencies,open,residency,"Shelton, WA",multidisciplinary,1.0
I-Park Foundation,https://www.i-park.org/,Arts Organization,https://artistcommunities.org/directory/residencies/i-park-foundation,residencies,open,residency,"East Haddam, CT",multidisciplinary,10+
In the Making,https://centrum.submittable.com/submit/325221/2026-centrum-residency-application,Arts Organization,https://artistcommunities.org/directory/residencies/making,residencies,open,residency,"Port Townsend, WA",multidisciplinary,1.0
Individual Artist Residencies,https://www.trilliumartsnc.org/,Arts Organization,https://artistcommunities.org/directory/residencies/individual-artist-residencies,residencies,open,residency,"Mars Hill, NC",multidisciplinary,10+
Interdisciplinary Residency Program,https://www.osgf.org/,Foundation,https://artistcommunities.org/directory/residencies/interdisciplinary-residency-program,residencies,open,residency,"Upperville, VA",multidisciplinary,30+
Interlude Artist Residency,https://interluderesidency.com/,Arts Organization,https://artistcommunities.org/directory/residencies/interlude-artist-residency,residencies,open,residency,"Hudson, NY",visual arts,10+
International Summer Program,https://www.watermillcenter.org/summer,Arts Organization,https://artistcommunities.org/directory/residencies/international-summer-program,residencies,open,residency,"Water Mill, NY",multidisciplinary,30+
Interwoven: Art and Ecology of the Island,https://gibraltarpointcentre.ca/artist-residences/programmed-residencies/,Arts Organization,https://artistcommunities.org/directory/residencies/interwoven-art-and-ecology-island,residencies,open,residency,"Toronto, ON, Canada","art, ecology",1.0
Itinera Arte Artist Residency Program,https://www.instagram.com/itinera_arte/,Arts Organization,https://artistcommunities.org/directory/residencies/itinera-arte-artist-residency-program,residencies,open,residency,"Rio de Janeiro, Brazil",multidisciplinary,1.0
Jackman Goldwasser Residency,https://www.hydeparkart.org/,Arts Organization,https://artistcommunities.org/directory/residencies/jackman-goldwasser-residency,residencies,open,residency,"Chicago, IL",multidisciplinary,1.0
James Castle House Artist Residency,https://www.jamescastlehouse.org/,Arts Organization,https://artistcommunities.org/directory/residencies/james-castle-house-artist-residency,residencies,open,residency,"Boise, ID",multidisciplinary,10+
Jentel Artist Residency,http://jentelarts.org/,Arts Organization,https://artistcommunities.org/directory/residencies/jentel-artist-residency,residencies,open,residency,"Banner, WY","visual arts, writing",10+
Joan Mitchell Center Artist Residency (New Orleans),https://www.joanmitchellfoundation.org/joan-mitchell-center,Arts Organization,https://artistcommunities.org/directory/residencies/joan-mitchell-center-artist-residency-new-orleans,residencies,open,residency,"New Orleans, LA",visual arts,10+
Joan Mitchell Center Residency,https://www.joanmitchellfoundation.org/joan-mitchell-center,Arts Organization,https://artistcommunities.org/directory/residencies/joan-mitchell-center-residency,residencies,open,residency,"New Orleans, LA",visual arts,10+
Jonas Mekas Research & Production Residency,https://monirafoundation.org/jonas-mekas-research-production-residency/,Foundation,https://artistcommunities.org/directory/residencies/jonas-mekas-research-production-residency,residencies,open,residency,"Jersey City, NJ","film, media",1.0
Jordan Schnitzer Printmaking Residency,https://www.sitkacenter.org/,Arts Organization,https://artistcommunities.org/directory/residencies/jordan-schnitzer-printmaking-residency,residencies,open,residency,"Otis, OR",printmaking,1.0
Josephine Sculpture Park 2025-2026 Artist-in-Residence Program,https://www.josephinesculpturepark.org/air,Arts Organization,https://artistcommunities.org/directory/residencies/josephine-sculpture-park-2025-2026-artist-residence-program,residencies,open,residency,"Frankfort, KY",sculpture,2026-01-02 00:00:00
Kaatsbaan Cultural Park Weekend Retreat Residencies,https://kaatsbaan.org/,Arts Organization,https://artistcommunities.org/directory/residencies/kaatsbaan-cultural-park-weekend-retreat-residencies,residencies,open,residency,"Tivoli, NY",multidisciplinary,10+
Kaatsbaan Subsidized Residencies,https://kaatsbaan.org/subsidized-residencies,Arts Organization,https://artistcommunities.org/directory/residencies/kaatsbaan-subsidized-residencies,residencies,open,residency,"Tivoli, NY",multidisciplinary,10+
Kimmel Harding Nelson Center for the Arts,https://www.khncenterforthearts.org/,Arts Organization,https://artistcommunities.org/directory/residencies/kimmel-harding-nelson-center-arts,residencies,open,residency,"Nebraska City, NE",multidisciplinary,50+
Kindred Creative Residence + Agro-ForesT,https://www.kindred-craft.org/,Arts Organization,https://artistcommunities.org/directory/residencies/kindred-creative-residence-agro-forest,residencies,open,residency,"Jeffersonville, VT",multidisciplinary,1.0
KODA Artist Residency,KODA,Arts Organization,https://artistcommunities.org/directory/residencies/koda-artist-residency,residencies,open,residency,"New York, NY",visual arts,2.0
La Baldi Residency,,Arts Organization,https://artistcommunities.org/directory/residencies/la-baldi-residency,residencies,open,residency,"Montegiovi, Italy",multidisciplinary,10+
La Maison de Beaumont,https://lamaisondebeaumont.com/,Arts Organization,https://artistcommunities.org/directory/residencies/la-maison-de-beaumont,residencies,open,residency,"Beaumont-de-Pertuis, France",multidisciplinary,10+
La Maison de Beaumont - Artist Residency Program,https://lamaisondebeaumont.com/,Arts Organization,https://artistcommunities.org/directory/residencies/la-maison-de-beaumont-artist-residency-program,residencies,open,residency,"Beaumont-de-Pertuis, France",multidisciplinary,10+
La Maison de Simon,https://maisonsimon.art/,Arts Organization,https://artistcommunities.org/directory/residencies/la-maison-de-simon,residencies,open,residency,"Fontaine-sous-Jouy, France",multidisciplinary,10+
La Maldita Estampa Open Call Art Print - Barcelona - Spain 2025,https://lamalditaestampa.eu/,Arts Organization,https://artistcommunities.org/directory/residencies/la-maldita-estampa-open-call-art-print-barcelona-spain-2025,residencies,open,residency,"Barcelona, Spain",printmaking,10+
La Napoule Art Foundation: Canadian Artist Residency,http://www.lnaf.org/,Foundation,https://artistcommunities.org/directory/residencies/la-napoule-art-foundation-canadian-artist-residency,residencies,open,residency,"Mandelieu-La Napoule, France",visual arts,10+
La Napoule Art Foundation: International Artist Residency,http://www.lnaf.org/,Foundation,https://artistcommunities.org/directory/residencies/la-napoule-art-foundation-international-artist-residency,residencies,open,residency,"Mandelieu-La Napoule, France",visual arts,10+
La Porte Peinte Centre pour les Arts,https://www.laportepeinte.com/,Arts Organization,https://artistcommunities.org/directory/residencies/la-porte-peinte-centre-pour-les-arts,residencies,open,residency,"Noyers sur Serein, France",multidisciplinary,10+
Launchpad Residency,https://bostonarts.org/,Arts Organization,https://artistcommunities.org/directory/residencies/launchpad-residency,residencies,open,residency,"Boston, MA",performance,1.0
Leighton Artist Studios,https://www.banffcentre.ca/,Arts Organization,https://artistcommunities.org/directory/residencies/leighton-artist-studios,residencies,open,residency,"Banff, AB, Canada",multidisciplinary,10+
Lighthouse Works Fellowship,https://lighthouseworks.us/fellowship,Arts Organization,https://artistcommunities.org/directory/residencies/lighthouse-works-fellowship,residencies,open,"residency, fellowship","Fishers Island, NY",multidisciplinary,10+
List og Land,http://listogland.com/,Arts Organization,https://artistcommunities.org/directory/residencies/list-og-land,residencies,open,residency,"Isjafjörður, Iceland",multidisciplinary,10+
Loghaven Artist Residency,https://loghaven.org/,Arts Organization,https://artistcommunities.org/directory/residencies/loghaven-artist-residency,residencies,open,residency,"Knoxville, TN",multidisciplinary,10+
"Long Term, Live/Work Residency in New Orleans",https://www.stayattravelers.com/neworleans,Arts Organization,https://artistcommunities.org/directory/residencies/long-term-livework-residency-new-orleans,residencies,open,residency,"New Orleans, LA",multidisciplinary,2026-01-02 00:00:00
Longfellow Emerging Artist Fellowship,https://onelongfellowsquare.com/leaf,Arts Organization,https://artistcommunities.org/directory/residencies/longfellow-emerging-artist-fellowship,residencies,open,"residency, fellowship","Portland, ME",music,1.0
Lost and Found Lab Residency,http://www.lostandfoundlab.org/,Arts Organization,https://artistcommunities.org/directory/residencies/lost-and-found-lab-residency,residencies,invitation,residency,"Cos Cob, CT",multidisciplinary,1.0
Lucid Art Foundation,https://www.lucidart.org/,Foundation,https://artistcommunities.org/directory/residencies/lucid-art-foundation,residencies,open,residency,"Inverness, CA",multidisciplinary,10+
L'AiR Arts Residency Program,https://www.lairarts.com/,Arts Organization,https://artistcommunities.org/directory/residencies/lair-arts-residency-program,residencies,open,residency,"Paris, France",multidisciplinary,10+
"Ma's House & BIPOC Art Studio, Inc. Residency Program",https://www.mashouse.studio/,Arts Organization,https://artistcommunities.org/directory/residencies/mas-house-bipoc-art-studio-inc-residency-program,residencies,open,residency,US,multidisciplinary,10+
MacDowell Fellowship,MacDowell,Arts Organization,https://artistcommunities.org/directory/residencies/macdowell-fellowship,residencies,open,"residency, fellowship","Peterborough, NH",multidisciplinary,50+
MADE Creatives in Residence,https://www.made-creatives.com/,Arts Organization,https://artistcommunities.org/directory/residencies/made-creatives-residence,residencies,open,residency,US,multidisciplinary,10+
Maison Les Buis,Maison Les Buis,Arts Organization,https://artistcommunities.org/directory/residencies/maison-les-buis,residencies,open,residency,"Feuillade, France",multidisciplinary,10+
Manship Artists Residency,Manship Artists Residency,Arts Organization,https://artistcommunities.org/directory/residencies/manship-artists-residency,residencies,open,residency,"Gloucester, MA",multidisciplinary,10+
"Marathons: Intensive Workshops in Drawing, Painting, and Sculpture",Marathons - New York Studio Schoolarathons/,Arts Organization,https://artistcommunities.org/directory/residencies/marathons-intensive-workshops-drawing-painting-and-sculpture,residencies,open,residency,"New York, NY",visual arts,10+
Marble House Project,https://www.marblehouseproject.org/,Arts Organization,https://artistcommunities.org/directory/residencies/marble-house-project,residencies,open,residency,"Dorset, VT",multidisciplinary,10+
Mauser Ecohouse Costa Rica - ALL DISCIPLINES 2025-2026,https://www.mauserfoundation.org/,Arts Organization,https://artistcommunities.org/directory/residencies/mauser-ecohouse-costa-rica-all-disciplines-2025-2026,residencies,open,residency,"Parrita, Costa Rica",multidisciplinary,10+
McColl Center Artist-in-Residence Program,http://mccollcenter.org/,Arts Organization,https://artistcommunities.org/directory/residencies/mccoll-center-artist-residence-program,residencies,open,residency,"Charlotte, NC",visual arts,10+
Mentorship Residency Program,https://indigoartsalliance.me/,Arts Organization,https://artistcommunities.org/directory/residencies/mentorship-residency-program,residencies,open,residency,"Portland, ME",multidisciplinary,1.0
Mesa Refuge: Residency,Mesa Refuge,Arts Organization,https://artistcommunities.org/directory/residencies/mesa-refuge-residency,residencies,open,residency,"Point Reyes Station, CA","writing, film, audio",10+
Millay Arts Core Residency,https://www.millayarts.org/,Arts Organization,https://artistcommunities.org/directory/residencies/millay-arts-core-residency,residencies,open,residency,"Austerlitz, NY",multidisciplinary,30+
Millay Arts Steepletop Residency,https://www.millayarts.org/,Arts Organization,https://artistcommunities.org/directory/residencies/millay-arts-steepletop-residency,residencies,open,residency,"Austerlitz, NY",multidisciplinary,10+
Millay Arts Wintertide Rustic Retreat,https://www.millayarts.org/,Arts Organization,Millay Arts Wintertide Rustic Retreat | Artist Communities Allianceg/directory/residencies/millay-arts-wintertide-rustic-retreat,residencies,open,residency,"Austerlitz, NY",multidisciplinary,10+
Mineral Arts & Residencies (MARS),https://mineral-school.org/,Arts Organization,https://artistcommunities.org/directory/residencies/mineral-arts-residencies-mars,residencies,open,residency,"Mineral, WA",multidisciplinary,10+
Miss Sarah Fellowship for Black Women Writers,https://www.trilliumartsnc.org/,Arts Organization,https://artistcommunities.org/directory/residencies/miss-sarah-fellowship-black-women-writers,residencies,open,"residency, fellowship","Mars Hill, NC",writing,1.0
MMCA International Artist/Researcher Residency Program,https://www.mmca.go.kr/,Museum,https://artistcommunities.org/directory/residencies/mmca-international-artistresearcher-residency-program,residencies,open,residency,"Dobong-gu, Seoul, South Korea",multidisciplinary,10+
Moab Arts Reuse Residency,https://www.moabarts.org/residency,Arts Organization,https://artistcommunities.org/directory/residencies/moab-arts-reuse-residency,residencies,open,residency,"Moab, UT",visual arts,1.0
Monira Performance Residency,https://monirafoundation.org/,Foundation,https://artistcommunities.org/directory/residencies/monira-performance-residency,residencies,open,residency,"Jersey City, NJ",performance,10+
Penland Core Fellowship Program,https://penland.org/,Educational Institution,https://artistcommunities.org/directory/residencies/penland-core-fellowship-program,residencies,open,"residency, fellowship","Penland, NC",crafts,1.0
Penland Resident Artist Program,https://penland.org/residencies/,Educational Institution,https://artistcommunities.org/directory/residencies/penland-resident-artist-program,residencies,open,residency,"Penland, NC",crafts,10+
Residency Program,https://www.kala.org/,Arts Organization,https://artistcommunities.org/directory/residencies/residency-program,residencies,open,residency,"Berkeley, CA",multidisciplinary,50+
Rest Retreat,https://www.respiteintheround.org/rest-retreats,Arts Organization,https://artistcommunities.org/directory/residencies/rest-retreat,residencies,open,residency,"Rougemont, NC",multidisciplinary,10+
Steel Yard Micro-Residency,https://www.thesteelyard.org/residencies/,Arts Organization,https://artistcommunities.org/directory/residencies/steel-yard-micro-residency,residencies,open,residency,"Providence, RI",industrial arts,10+
Steel Yard Year-Long Residency,https://www.thesteelyard.org/residencies/,Arts Organization,https://artistcommunities.org/directory/residencies/steel-yard-year-long-residency,residencies,open,residency,"Providence, RI",industrial arts,10+
The Whirlybird Compound Artist in Residency of Acadiana,https://www.thewhirlybird.com/,Arts Organization,https://artistcommunities.org/directory/residencies/whirlybird-compound-artist-residency-acadiana,residencies,open,residency,"Opelousas, LA",multidisciplinary,10+
Together Apart | Online Residency,https://www.proyectoace.org/en/residencies/,Arts Organization,https://artistcommunities.org/directory/residencies/together-apart-online-residency-remote-shelter-artistic-practices,residencies,open,residency,online,multidisciplinary,10+
Wildacres Environmental Artist-in-Residence,https://wildacres.org/#,Arts Organization,https://artistcommunities.org/directory/residencies/wildacres-environmental-artist-residence,residencies,open,residency,"Little Switzerland, NC",environmental art,10+
Willapa Bay AiR,https://willapabayair.org/residency,Arts Organization,https://artistcommunities.org/directory/residencies/willapa-bay-air,residencies,open,residency,"Oysterville, WA",multidisciplinary,10+
William Flanagan Memorial Creative Persons Center,https://www.albeefoundation.org/programs.html,Foundation,https://artistcommunities.org/directory/residencies/william-flanagan-memorial-creative-persons-center,residencies,open,residency,"Montauk, NY","writing, visual arts",10+
Woodstock AIR,https://cpw.org/,Arts Organization,https://artistcommunities.org/directory/residencies/woodstock-air,residencies,open,residency,"Kingston, NY",photography,10+
"Work in Ceramics, Painting and Printmaking on the Greek Island of Skopelos",https://www.skopartfoundation.org/,Foundation,https://artistcommunities.org/directory/residencies/work-ceramics-painting-and-printmaking-greek-island-skopelos,residencies,open,residency,"Skopelos, Greece","ceramics, painting, printmaking",10+
Workspace,https://lmcc.net/,Arts Organization,https://artistcommunities.org/directory/residencies/workspace,residencies,open,residency,"New York, NY",visual arts,30+
WOWArtSci Supported Residencies,https://www.wowartsci.org/,Arts Organization,https://artistcommunities.org/directory/residencies/wowartsci-supported-residencies,residencies,open,residency,"Carson, NM","art, science",10+
"Write On, Door County Writers' Residency Program",https://writeondoorcounty.org,Arts Organization,https://artistcommunities.org/directory/residencies/write-door-county-writers-residency-program,residencies,open,residency,"Fish Creek, WI",writing,10+
Writers & Artists Residency in San Miguel de Allende,https://www.caminoalarte.org/,Arts Organization,https://artistcommunities.org/directory/residencies/writers-artists-residency-san-miguel-de-allende,residencies,open,residency,"San Miguel de Allende, Mexico",multidisciplinary,10+
Your Art Residency in Argentina!,Residencia Corazón,Arts Organization,https://artistcommunities.org/directory/residencies/your-art-residency-argentina,residencies,open,residency,"La Plata, Argentina",multidisciplinary,30+
Zero Foot Hills,Zero Foot Hills,Arts Organization,https://artistcommunities.org/directory/residencies/zero-foot-hills,residencies,open,residency,US,multidisciplinary,10+
´acePIRAR | Exploration Residency,https://www.proyectoace.org/en/residencies/exploration-residencies/,Arts Organization,https://artistcommunities.org/directory/residencies/acepirar-exploration-residency,residencies,open,residency,"Buenos Aires, Argentina",multidisciplinary,30+
´acePIRAR | micro-Residency,https://www.proyectoace.org/en/residencies/micro-residencies/,Arts Organization,https://artistcommunities.org/directory/residencies/acepirar-micro-residency,residencies,open,residency,"Buenos Aires, Argentina",multidisciplinary,30+
´acePIRAR | Palimpsest Project—Mural Painting Residency,https://www.proyectoace.org/en/residencies/mural-painting/,Arts Organization,https://artistcommunities.org/directory/residencies/acepirar-palimpsest-project-mural-painting-residency,residencies,open,residency,"Buenos Aires, Argentina",mural painting,10+
´acePIRAR | Production Residency,https://www.proyectoace.org/en/residencies/production-residencies/,Arts Organization,https://artistcommunities.org/directory/residencies/acepirar-production-residency,residencies,open,residency,"Buenos Aires, Argentina",multidisciplinary,30+
Way Beyond - Residency program by Arteles,https://www.arteles.org/residency.html,Arts Organization,https://artistcommunities.org/directory/residencies/way-beyond-residency-program-arteles,residencies,open,residency,"Haukijärvi, Finland",multidisciplinary,10+
Weir Farm Artist-In-Residence Program,https://www.weirfarmartalliance.org/,Government,https://artistcommunities.org/directory/residencies/weir-farm-artist-residence-program,residencies,open,residency,"Wilton, CT",visual arts,10+
Westerly Library & Wilcox Park AIR at The Cottage,https://www.westerlylibrary.org/artist-in-residence,Arts Organization,https://artistcommunities.org/directory/residencies/westerly-library-wilcox-park-air-cottage,residencies,open,residency,"Westerly, RI",multidisciplinary,10+
Wild Wonderful Rural Residencies,https://v4larts.com/residencies,Arts Organization,https://artistcommunities.org/directory/residencies/wild-wonderful-rural-residencies,residencies,open,residency,"Harpers Ferry, WV",multidisciplinary,10+
Wildacres Artist-in-Residence,https://wildacres.org/#,Arts Organization,https://artistcommunities.org/directory/residencies/wildacres-artist-residence,residencies,open,residency,"Little Switzerland, NC",multidisciplinary,30+
The Sue-Je Lee Gage Sunlit Residency for Social Justice and Human Rights,https://www.sunlitresidency.com/,Arts Organization,https://artistcommunities.org/directory/residencies/sue-je-lee-gage-sunlit-residency-social-justice-and-human-rights,residencies,open,residency,"Ithaca, NY",multidisciplinary,10+
Craigardan,https://www.craigardan.org/apply,Arts Organization,https://artistcommunities.org/directory/open-calls/call-applications,open-calls,open,residency,"New York, United States",multidisciplinary,2026-01-15 00:00:00
Monson Arts,https://artistcommunities.org,Arts Organization,https://artistcommunities.org/directory/open-calls/spring-2026-open-call,open-calls,open,residency,"Maine, United States",multidisciplinary,2026-01-15 00:00:00
Pedvale International Artist Residency,https://www.pedvale.lv/en/artists-residency/open-call-for-spring-residency-2026/,Arts Organization,https://artistcommunities.org/directory/open-calls/open-call-spring-residency-2026,open-calls,open,residency,Latvia,multidisciplinary,2026-01-18 00:00:00
Montello Foundation,https://www.montellofoundation.org/pages/montello_apply.htm,Arts Organization,https://artistcommunities.org/directory/open-calls/solitary-retreat-nevada-desert,open-calls,open,residency,"Nevada, United States",multidisciplinary,2026-01-18 00:00:00
Aviário Studio,https://www.aviariostudio.eu/apply-now,Arts Organization,https://artistcommunities.org/directory/open-calls/aviario-studio-printmaking-residency-summerfall-2026,open-calls,open,residency,Portugal,printmaking,2026-01-20 00:00:00
Banff Centre for Arts & Creativity,http://url.banffcentre.ca/bgKyVU,Arts Organization,https://artistcommunities.org/directory/open-calls/jazz-sonic-arts-2026-improvised-music-residency,open-calls,open,residency,"Alberta, Canada",music,2026-01-21 00:00:00
Banff Centre for Arts & Creativity,http://url.banffcentre.ca/bgKyXF,Arts Organization,https://artistcommunities.org/directory/open-calls/audio-recording-engineer-summer-2026,open-calls,open,residency,"Alberta, Canada",audio engineering,2026-01-21 00:00:00
Trillium Arts,https://www.trilliumartsnc.org/nc-choreographic-fellowships,Arts Organization,https://artistcommunities.org/directory/open-calls/2025-2026-nc-choreographic-fellowships,open-calls,open,fellowship,North Carolina,dance,2026-01-21 00:00:00
Banff Centre for Arts & Creativity,http://url.banffcentre.ca/bgKqWS,Arts Organization,https://artistcommunities.org/directory/open-calls/banff-artist-residence-summer-2026,open-calls,open,residency,"Alberta, Canada",multidisciplinary,2026-01-21 00:00:00
Banff Centre for Arts & Creativity,https://www.banffcentre.ca/programs/indigenous-arts/story-sharing-residency-20-2026,Arts Organization,https://artistcommunities.org/directory/open-calls/story-sharing-residency-20-2026-indigenous-arts-self-directed-residency,open-calls,open,residency,"Alberta, Canada",Indigenous arts,2026-01-28 00:00:00
Haystack Mountain School of Crafts,https://www.haystack-mtn.org/open-studio-residency,Arts Organization,https://artistcommunities.org/directory/open-calls/open-studio-residency-studio-technician,open-calls,open,residency,"Maine, United States",crafts,2026-01-30 00:00:00
La Maldita Estampa,https://lamalditaestampa.eu/residencias-artisticas/,Arts Organization,https://artistcommunities.org/directory/open-calls/art-print-residency-barcelona-2026-la-maldita-estampa,open-calls,open,residency,"Barcelona, Spain",printmaking,2026-01-30 00:00:00
´ace,https://www.proyectoace.org/en/residencies/production-residencies/,Arts Organization,https://artistcommunities.org/directory/open-calls/first-open-call-2026-production-residency,open-calls,open,residency,Argentina,multidisciplinary,2026-01-31 00:00:00
´ace,https://www.proyectoace.org/en/residencies/exploration-residencies/,Arts Organization,https://artistcommunities.org/directory/open-calls/first-open-call-2026-exploration-residency,open-calls,open,residency,Argentina,multidisciplinary,2026-01-31 00:00:00
North American Cultural Laboratory (NACL),https://www.nacl.org/deep-space-performance-residency,Arts Organization,https://artistcommunities.org/directory/open-calls/2027-deep-space-performance-residency,open-calls,open,residency,"New York, United States",performance,2026-01-31 00:00:00
CPW,https://cpw.org/artist-residency/,Arts Organization,https://artistcommunities.org/directory/open-calls/woodstock-air-open-call,open-calls,open,residency,"New York, United States",multidisciplinary,2026-01-31 00:00:00
Arte Studio Ginestrelle,https://artestudioginestrelle.wordpress.com/,Arts Organization,https://artistcommunities.org/directory/open-calls/arte-studio-ginestrelle-creative-writing-retreats-assisi,open-calls,open,residency,"Perugia, Italy",writing,2026-01-31 00:00:00
Alchemy Artists Residency,https://artistcommunities.org/directory/open-calls/makealchemy.com,Arts Organization,https://artistcommunities.org/directory/open-calls/alchemy-artists-residency-spring-island-2026,open-calls,open,residency,"Ontario, Canada",multidisciplinary,2026-02-01 00:00:00
Soaring Gardens Artists Retreat,https://oralermantrust.com/,Arts Organization,https://artistcommunities.org/directory/open-calls/soaring-gardens-artist-retreat-summer-residencies-2026,open-calls,open,residency,"Pennsylvania, United States",multidisciplinary,2026-02-01 00:00:00
MASS MoCA,https://massmoca.org/studios/applying-financial-aid/,Arts Organization,https://artistcommunities.org/directory/open-calls/mass-moca-early-application-jan-dec-2027-residencies-0,open-calls,open,residency,"Massachusetts, United States",multidisciplinary,2026-02-01 00:00:00
Woodstock Byrdcliffe Guild,https://woodstockbyrdcliffeguild.submittable.com/submit,Arts Organization,https://artistcommunities.org/directory/open-calls/summer-2026-individual-residency,open-calls,open,residency,"New York, United States",multidisciplinary,2026-02-01 00:00:00
MASS MoCA,https://massmoca.org/studios/applying-financial-aid/,Arts Organization,https://artistcommunities.org/directory/open-calls/mass-moca-early-application-jan-dec-2027-residencies,open-calls,open,residency,"Massachusetts, United States",multidisciplinary,2026-02-01 00:00:00
Pedvale International Artist Residency,https://www.pedvale.lv/en/artists-residency/open-call-for-midsummer-residency-2026/,Arts Organization,https://artistcommunities.org/directory/open-calls/open-call-midsummer-residency-2026,open-calls,open,residency,Latvia,multidisciplinary,2026-02-01 00:00:00
Dorland Mountain Arts,https://www.dorlandmountainarts.org/the-residency-program,Arts Organization,https://artistcommunities.org/directory/open-calls/your-time-dorland-mountain-arts,open-calls,open,residency,"California, United States",multidisciplinary,2026-02-01 00:00:00
Banff Centre for Arts & Creativity,http://url.banffcentre.ca/bgKyfl,Arts Organization,https://artistcommunities.org/directory/open-calls/indigenous-world-dance-30-2026-indigenous-arts-dance-residency,open-calls,open,residency,"Alberta, Canada",dance,2026-02-04 00:00:00
Arteles Creative Center,https://www.arteles.org/back_to_basics_residency.html,Arts Organization,https://artistcommunities.org/directory/open-calls/back-basics-thematic-residency-program-finland-summer-2026,open-calls,open,residency,Finland,multidisciplinary,2026-02-05 00:00:00
Banff Centre for Arts & Creativity,http://url.banffcentre.ca/bgOx9g,Arts Organization,https://artistcommunities.org/directory/open-calls/partnerships-arts-building-resilient-cultural-ecosystems,open-calls,open,residency,"Alberta, Canada",multidisciplinary,2026-02-10 00:00:00
MacDowell,https://www.macdowell.org/apply/apply-for-fellowship,Arts Organization,https://artistcommunities.org/directory/open-calls/macdowell-fall-2026-winter-2027,open-calls,open,residency,"New Hampshire, United States",multidisciplinary,2026-02-10 00:00:00
SPACES,https://spacesgallery.submittable.com/submit,Arts Organization,https://artistcommunities.org/directory/open-calls/spaces-2027-open-call,open-calls,open,residency,"Ohio, United States",multidisciplinary,2026-02-10 00:00:00
La Maldita Estampa,https://lamalditaestampa.eu/residencias-artisticas/,Arts Organization,https://artistcommunities.org/directory/open-calls/art-print-residency-winter-spring-barcelona-2026,open-calls,open,residency,"Barcelona, Spain",printmaking,2026-02-13 00:00:00
Eureka Springs School of the Arts,https://essa-art.org/wp-content/uploads/2025/09/2026-Mentored-Wood-Residency-Application-.pdf,Arts Organization,https://artistcommunities.org/directory/open-calls/2026-mentored-woodworking-residency-doug-stowe,open-calls,open,residency,"Arkansas, United States",woodworking,2026-02-15 00:00:00
Woodstock Byrdcliffe Guild,https://woodstockbyrdcliffeguild.submittable.com/submit/339399/2026-summer-air-communal-application,Arts Organization,https://artistcommunities.org/directory/open-calls/summer-2026-communal-residency,open-calls,open,residency,"New York, United States",multidisciplinary,2026-02-15 00:00:00
Eureka Springs School of the Arts,https://essa-art.org/wp-content/uploads/2025/09/2026-Spring.Summer-Ceramics-Residency-Application.pdf,Arts Organization,https://artistcommunities.org/directory/open-calls/2026-springsummer-ceramics-artist-residency-program,open-calls,open,residency,Arkansas,ceramics,2026-02-15 00:00:00
Arts Southeast,https://artssoutheast.org/onview-residency-app,Arts Organization,https://artistcommunities.org/directory/open-calls/sunny-savannah-fully-funded-jun-sept-2026,open-calls,open,residency,"Georgia, United States",multidisciplinary,2026-02-16 00:00:00
Banff Centre for Arts & Creativity,http://url.banffcentre.ca/bgOwyL,Arts Organization,https://artistcommunities.org/directory/open-calls/crime-writing-2026,open-calls,open,residency,"Alberta, Canada",writing,2026-02-18 00:00:00
Bethany Arts Community,https://bethanyarts.org/calendar/eafcall2026/,Arts Organization,https://artistcommunities.org/directory/open-calls/call-emerging-artists-2026-emerging-artist-fellowship-bethany-arts-community,open-calls,open,fellowship,"New York, United States",multidisciplinary,2026-02-20 00:00:00
Aviário Studio,https://www.aviariostudio.eu/apply-now,Arts Organization,https://artistcommunities.org/directory/open-calls/aviario-studio-ceramics-residency-summerfall-2026,open-calls,open,residency,Portugal,ceramics,2026-02-28 00:00:00
Bischoff Inn,https://www.bischoffinn.com/winterspringresidency,Arts Organization,https://artistcommunities.org/directory/open-calls/winterspring-2025-2026-session,open-calls,open,residency,United States,multidisciplinary,2026-02-28 00:00:00
School of Visual Arts,https://sva.edu/academics/artist-residency-programs/fine-arts-contemporary-practices-26-su-fid-4994-b,Arts Organization,https://artistcommunities.org/directory/open-calls/fine-arts-contemporary-practices,open-calls,open,residency,"New York, United States",visual arts,2026-03-01 00:00:00
Surel's Place,https://surelsplace.org/application/,Arts Organization,https://artistcommunities.org/directory/open-calls/surels-place-artist-residency-program-july-december,open-calls,open,residency,"Idaho, United States",multidisciplinary,2026-03-01 00:00:00
Kimmel Harding Nelson Center for the Arts,https://www.khncenterforthearts.org/residency,Arts Organization,https://artistcommunities.org/directory/open-calls/2026-session-ii-residencies,open-calls,open,residency,"Nebraska, United States",multidisciplinary,2026-03-01 00:00:00
Kala Art Institute,https://kala.slideroom.com/#/Login,Arts Organization,https://artistcommunities.org/directory/open-calls/2026-2027-fellowship-and-other-residencies,open-calls,open,residency,"California, United States",printmaking,2026-03-01 00:00:00
Interlude Residency,https://artist.callforentry.org/festivals_unique_info.php?ID=16721,Arts Organization,https://artistcommunities.org/directory/open-calls/interludes-2026-open-call,open-calls,open,residency,"New York, United States",multidisciplinary,2026-03-07 00:00:00
Sitka Center for Art and Ecology,https://sitkacenter.org/apply,Arts Organization,https://artistcommunities.org/directory/open-calls/sitka-residency-october-2026-april-2027,open-calls,open,residency,"Oregon, United States",multidisciplinary,2026-03-10 00:00:00
Banff Centre for Arts & Creativity,http://url.banffcentre.ca/bgOx49,Arts Organization,https://artistcommunities.org/directory/open-calls/computational-writing-2026,open-calls,open,residency,"Alberta, Canada",writing,2026-03-11 00:00:00
Banff Centre for Arts & Creativity,http://url.banffcentre.ca/bgOxB6,Arts Organization,https://artistcommunities.org/directory/open-calls/plan-strategic-foresight-cultural-leadership,open-calls,open,residency,"Alberta, Canada",multidisciplinary,2026-03-17 00:00:00
Banff Centre for Arts & Creativity,http://url.banffcentre.ca/bgKqrK,Arts Organization,https://artistcommunities.org/directory/open-calls/moonlighter-film-camp-field-skills,open-calls,open,residency,"Alberta, Canada",film,2026-03-25 00:00:00
Camp Wonder Wander,https://www.sarasvati.space/,Arts Organization,https://artistcommunities.org/directory/open-calls/spring-pops-mayjune-tennessee,open-calls,open,residency,"Tennessee, United States",multidisciplinary,2026-03-30 00:00:00
Aviário Studio,https://www.aviariostudio.eu/apply-now,Arts Organization,https://artistcommunities.org/directory/open-calls/large-format-residency-summer-and-fall-2026,open-calls,open,residency,Portugal,printmaking,2026-03-31 00:00:00
Aviário Studio,https://www.aviariostudio.eu/apply-now,Arts Organization,https://artistcommunities.org/directory/open-calls/aviario-studio-artist-book-residency-fall-and-winter-20267,open-calls,open,residency,Portugal,book arts,2026-04-01 00:00:00
Mudhouse Residency,https://www.mudhouseresidency.com/apply,Arts Organization,https://artistcommunities.org/directory/open-calls/general-acceptance-mudhouse-artist-residency-2026,open-calls,open,residency,Greece,multidisciplinary,2026-04-01 00:00:00
Banff Centre for Arts & Creativity,http://url.banffcentre.ca/bgOx87,Arts Organization,https://artistcommunities.org/directory/open-calls/sports-writing-2026,open-calls,open,residency,"Alberta, Canada",writing,2026-04-08 00:00:00
Banff Centre for Arts & Creativity,http://url.banffcentre.ca/bgKqoU,Arts Organization,https://artistcommunities.org/directory/open-calls/adventure-filmmakers-workshop-2026,open-calls,open,residency,"Alberta, Canada",film,2026-04-15 00:00:00
Banff Centre for Arts & Creativity,http://url.banffcentre.ca/bgKqm3,Arts Organization,https://artistcommunities.org/directory/open-calls/mountain-writers-intensive-2026,open-calls,open,residency,"Alberta, Canada",writing,2026-04-15 00:00:00
´ace,https://www.proyectoace.org/en/residencies/production-residencies/,Arts Organization,https://artistcommunities.org/directory/open-calls/second-open-call-2026-production-residency,open-calls,open,residency,Argentina,multidisciplinary,2026-04-30 00:00:00
Camp Wonder Wander,https://artistcommunities.org/directory/open-calls/homestead-experience-july-2026,Arts Organization,https://artistcommunities.org/directory/open-calls/homestead-experience-july-2026,open-calls,open,residency,"Tennessee, United States",multidisciplinary,2026-04-30 00:00:00
´ace,https://www.proyectoace.org/en/residencies/production-residencies/,Arts Organization,https://artistcommunities.org/directory/open-calls/second-open-call-2026-exploration-residency,open-calls,open,residency,Argentina,multidisciplinary,2026-04-30 00:00:00
Aviário Studio,https://www.aviariostudio.eu/apply-now,Arts Organization,https://artistcommunities.org/directory/open-calls/aviario-studio-tiles-residency-2026,open-calls,open,residency,Portugal,tiles,2026-05-11 00:00:00
Monson Arts,https://monsonarts.org/residencies/,Arts Organization,https://artistcommunities.org/directory/open-calls/fall-2026-open-call,open-calls,open,residency,"Maine, United States",multidisciplinary,2026-05-15 00:00:00
Camp Wonder Wander,https://www.sarasvati.space/,Arts Organization,https://artistcommunities.org/directory/open-calls/autumnal-harvest-season,open-calls,open,residency,"Tennessee, United States",multidisciplinary,2026-05-31 00:00:00
Banff Centre for Arts & Creativity,http://url.banffcentre.ca/bgOxDY,Arts Organization,https://artistcommunities.org/directory/open-calls/data-relational-direction-evaluative-practices-cultural-leaders,open-calls,open,residency,"Alberta, Canada",multidisciplinary,2026-06-30 00:00:00
Aviário Studio,https://www.aviariostudio.eu/apply-now,Arts Organization,https://artistcommunities.org/directory/open-calls/aviario-studio-cyanotype-residency,open-calls,open,residency,Portugal,photography,2026-07-12 00:00:00
Banff Centre for Arts & Creativity,http://url.banffcentre.ca/bgOxHl,Arts Organization,https://artistcommunities.org/directory/open-calls/moonlighter-film-camp-concept-completion,open-calls,open,residency,"Alberta, Canada",film,2026-07-22 00:00:00
Aviário Studio,https://www.aviariostudio.eu/apply-now,Arts Organization,https://artistcommunities.org/directory/open-calls/aviario-studio-ceramics-furniture-making-residency,open-calls,open,residency,Portugal,ceramics,2026-07-25 00:00:00
Camp Wonder Wander,https://www.sarasvati.space/writerretreats,Arts Organization,https://artistcommunities.org/directory/open-calls/taste-tennessee-writer-retreats,open-calls,open,residency,"Tennessee, United States",writing,2026-07-31 00:00:00
´ace,https://www.proyectoace.org/en/residencies/,Arts Organization,https://artistcommunities.org/directory/open-calls/third-open-call-2026-exploration-residency,open-calls,open,residency,Argentina,multidisciplinary,2026-07-31 00:00:00
´ace,https://www.proyectoace.org/en/residencies/production-residencies/,Arts Organization,https://artistcommunities.org/directory/open-calls/third-open-call-2026-production-residency,open-calls,open,residency,Argentina,multidisciplinary,2026-07-31 00:00:00
Aviário Studio,https://www.aviariostudio.eu/apply-now,Arts Organization,https://artistcommunities.org/directory/open-calls/aviario-studio-screen-printing-residency,open-calls,open,residency,Portugal,screen printing,2026-08-10 00:00:00
Banff Centre for Arts & Creativity,http://url.banffcentre.ca/bgKq4Y,Arts Organization,https://artistcommunities.org/directory/open-calls/cultural-leadership-reflecting-forward-wise-practices-november-2026,open-calls,open,residency,"Alberta, Canada",multidisciplinary,2026-08-11 00:00:00
Camp Wonder Wander,https://www.sarasvati.space/japan-2027,Arts Organization,https://artistcommunities.org/directory/open-calls/japan-2027-2028-group-travel,open-calls,open,residency,"Tennessee, United States",travel,2026-08-16 00:00:00
Aviário Studio,https://www.aviariostudio.eu/apply-now,Arts Organization,https://artistcommunities.org/directory/open-calls/aviario-studio-multidisciplinary-art-residency-winter-and-spring-2027,open-calls,open,residency,Portugal,multidisciplinary,2026-08-31 00:00:00
Banff Centre for Arts & Creativity,http://url.banffcentre.ca/bgOxEh,Arts Organization,https://artistcommunities.org/directory/open-calls/reimagining-cultural-policy-leading-change-across-governance-systems,open-calls,open,residency,"Alberta, Canada",multidisciplinary,2026-09-08 00:00:00
Aviário Studio,https://www.aviariostudio.eu/apply-now,Arts Organization,https://artistcommunities.org/directory/open-calls/aviario-studio-ceramics-figure-sculpting-residency,open-calls,open,residency,Portugal,ceramics,2026-09-10 00:00:00
Aviário Studio,https://www.aviariostudio.eu/apply-now,Arts Organization,https://artistcommunities.org/directory/open-calls/aviario-studio-multidisciplinary-art-residency-summer-and-fall-2025,open-calls,open,residency,Portugal,multidisciplinary,2026-09-30 00:00:00
Aviário Studio,https://www.aviariostudio.eu/apply-now,Arts Organization,https://artistcommunities.org/directory/open-calls/aviario-studio-photography-residency-2027,open-calls,open,residency,Portugal,photography,2026-10-07 00:00:00
Aviário Studio,https://www.aviariostudio.eu/apply-now,Arts Organization,https://artistcommunities.org/directory/open-calls/aviario-studio-printmaking-residency-winterspring-2026-27,open-calls,open,residency,Portugal,printmaking,2026-10-17 00:00:00
Banff Centre for Arts & Creativity,http://url.banffcentre.ca/bgOxJD,Arts Organization,https://artistcommunities.org/directory/open-calls/moonlighter-film-camp-post-production,open-calls,open,residency,"Alberta, Canada",film,2026-10-28 00:00:00
´ace,https://www.proyectoace.org/en/residencies/micro-residencies/,Arts Organization,https://artistcommunities.org/directory/open-calls/micro-residencies-open-call-2026,open-calls,open,residency,"Buenos Aires, Argentina",multidisciplinary,2026-10-31 00:00:00
"Write On, Door County",https://writeondoorcounty.org/get-inspired-2/,Arts Organization,https://artistcommunities.org/directory/open-calls/2026-dick-scuglik-memorial-fellowship-and-residency,open-calls,open,residency,"Wisconsin, United States",writing,2026-01-15 00:00:00
Emmanuel College Artist Residency,http://www.emmanuel.edu/ecar,Arts Organization,https://artistcommunities.org/directory/open-calls/emmanuel-college-artist-residency-ecar,open-calls,open,residency,"Massachusetts, United States",multidisciplinary,2026-01-15 00:00:00
Hambidge Center for Creative Arts and Sciences,https://www.hambidge.org/guidelines-apply,Arts Organization,https://artistcommunities.org/directory/open-calls/summer-session-june-august,open-calls,open,residency,"Georgia, United States",multidisciplinary,2026-01-15 00:00:00
Tides Institute & Museum of Art,https://studioworks.submittable.com/submit,Arts Organization,https://artistcommunities.org/directory/open-calls/2026-artist-residence-application,open-calls,open,residency,"Maine, United States",multidisciplinary,2026-01-15 00:00:00
Dorland Mountain Arts,https://www.dorlandmountainarts.org/the-residency-program,Arts Organization,https://artistcommunities.org/directory/open-calls/creative-california-dorland-mountain-arts,open-calls,open,residency,"California, United States",multidisciplinary,2026-01-15 00:00:00
Truro Center For The Arts At Castle Hill,https://castlehillresidency.submittable.com/submit/87907/artist-residency-application-castle-hill-at-edgewood-farm,Arts Organization,https://artistcommunities.org/directory/open-calls/artist-residency-edgewood-farm-truro,open-calls,open,residency,"Massachusetts, United States",multidisciplinary,2026-01-15 00:00:00
Ucross,https://ucrossfoundation.submittable.com/submit,Arts Organization,https://artistcommunities.org/directory/open-calls/ucross-fall-2026-artist-residency-open-call,open-calls,open,residency,"Wyoming, United States",multidisciplinary,2026-01-15 00:00:00
Ucross,https://ucrossfoundation.submittable.com/submit,Arts Organization,https://artistcommunities.org/directory/open-calls/ucross-native-american-fellowships-visual-artists-and-writers-fall-2026-open,open-calls,open,residency,"Wyoming, United States",multidisciplinary,2026-01-15 00:00:00
