https://www.proyectoace.org/en/residencies/production-residencies/,org_website,org_type,source_link,source_type,access_status,opportunity_types_offered,geographic_focus,mediums_supported,estimated_opp_count,priority,notes,date_extracted
Shenandoah Literary Magazine,https://shenandoahliterary.org,Literary Magazine,https://fundsforwriters.com/grants/,A,open,fellowships,USA,literary arts,2026-01-05 00:00:00,Medium,"Fellowship for BIPOC Editors $1000, curate issue selection",2026-01-16 00:00:00
ArtsKC,https://artskc.org,Arts Council,https://fundsforwriters.com/grants/,A,open,grants,"Kansas City, USA",multidisciplinary,2026-05-10 00:00:00,Medium,Inspiration Grants for individual artists/professionals,2026-01-16 00:00:00
Durham Arts Council,https://www.durhamarts.org,Arts Council,https://fundsforwriters.com/grants/,A,open,grants,"North Carolina, USA",multidisciplinary,2026-05-10 00:00:00,Medium,"Emerging Artists Program up to $1500, pivotal career projects",2026-01-16 00:00:00
Writers Trust of Canada,https://www.writerstrust.com,Foundation,https://fundsforwriters.com/grants/,A,open,emergency grants,Canada,literary arts,2026-05-10 00:00:00,High,Woodcock Fund $2000-$10000 emergency funding for professional writers,2026-01-16 00:00:00
New Hampshire Center for the Arts,https://centerfortheartsnh.org,Arts Center,https://fundsforwriters.com/grants/,A,membership,emergency grants,"New Hampshire, USA",multidisciplinary,2026-01-05 00:00:00,Medium,Emergency Relief Fund up to $500 for members,2026-01-16 00:00:00
Arts Administrators of Color Network,https://aacnetwork.org,Nonprofit,https://fundsforwriters.com/grants/,A,open,emergency grants,USA,multidisciplinary,2026-05-10 00:00:00,Medium,Arts Leaders of Color Emergency Fund $200 micro-grants for BIPOC,2026-01-16 00:00:00
Craigardan,https://www.craigardan.org,Arts Center,https://fundsforwriters.com/grants/,A,fee-based,residencies,"New York, USA",multidisciplinary,2026-05-10 00:00:00,Low,"Residencies $250/week or $1000/month, working farm setting",2026-01-16 00:00:00
Opportunity Collaboration,https://ocimpact.com,Organization,https://fundsforwriters.com/grants/,A,open,fellowships,International,"media, journalism",2026-01-05 00:00:00,Medium,Boehm Media Fellowship for social impact media/storytelling experts,2026-01-16 00:00:00
Charles Wallace India Trust,https://www.charleswallaceindiatrust.com,Foundation,https://fundsforwriters.com/grants/,A,open,"scholarships, fellowships",India to UK,multidisciplinary,2026-01-05 00:00:00,Medium,Visiting Fellowships for Indians in early-mid career stages,2026-01-16 00:00:00
South Carolina Humanities,https://schumanities.org,Humanities Council,https://fundsforwriters.com/grants/,A,open,grants,"South Carolina, USA","research, humanities",2026-05-10 00:00:00,Medium,"Mini Grants $2000 or less, monthly deadlines",2026-01-16 00:00:00
Canada Council for the Arts,https://canadacouncil.ca,Government Body,https://fundsforwriters.com/grants/,A,open,grants,Canada,multidisciplinary,10+,High,"Research and Creation grants, Application Assistance available",2026-01-16 00:00:00
Hosking Houses Trust,https://hoskinghouses.co.uk,Foundation,https://fundsforwriters.com/grants/,A,open,residencies,UK,literary arts,2026-01-05 00:00:00,High,"Residencies with bursaries for older women writers, Stratford-upon-Avon",2026-01-16 00:00:00
Wellstone Center in the Redwoods,https://www.wellstoneredwoods.org,Arts Center,https://fundsforwriters.com/grants/,A,open,fellowships,"California, USA",journalism,1 Month,Medium,Mary C. Curtis Fellowship 2-week for African American journalist,2026-01-16 00:00:00
Greater Pittsburgh Arts Council,https://www.pittsburghartscouncil.org,Arts Council,https://fundsforwriters.com/grants/,A,open,emergency grants,"Pennsylvania, USA",multidisciplinary,2026-05-10 00:00:00,Medium,Emergency Fund up to $500 for artists/creative workers in 9 counties,2026-01-16 00:00:00
Philadelphia Writers Emergency Fund / 215 Festival,https://www.215festival.org,Organization,https://fundsforwriters.com/grants/,A,open,emergency grants,"Philadelphia area, USA",literary arts,2026-01-05 00:00:00,Medium,"Emergency fund for writers, booksellers, independent press workers",2026-01-16 00:00:00
Authors League Fund,https://authorsleaguefund.org,Foundation,https://fundsforwriters.com/grants/,A,open,emergency grants,USA,literary arts,2026-05-10 00:00:00,High,Emergency assistance since 1917 for writers in financial need,2026-01-16 00:00:00
Clayton Memorial Medical Fund,https://osfci.org/clayton,Foundation,https://fundsforwriters.com/grants/,A,open,emergency grants,"Pacific Northwest, USA",literary arts,2026-01-05 00:00:00,Medium,Medical expense assistance for SF/F/horror/mystery writers in OR/WA/ID/AK,2026-01-16 00:00:00
PEN America,https://pen.org,Nonprofit,https://fundsforwriters.com/grants/,A,open,emergency grants,USA,literary arts,2026-05-10 00:00:00,High,"Writers Emergency Fund $500-$1000, streamlined process",2026-01-16 00:00:00
SFWA (Science Fiction & Fantasy Writers),https://www.sfwa.org,Professional Organization,https://fundsforwriters.com/grants/,A,membership,emergency grants,USA,literary arts,2026-01-05 00:00:00,Medium,"Emergency Medical Fund for genre writers, short-term emergencies",2026-01-16 00:00:00
Carnegie Fund for Authors,https://www.carnegiefundforauthors.org,Foundation,https://fundsforwriters.com/grants/,A,open,emergency grants,USA,literary arts,2026-05-10 00:00:00,High,Emergency grants for published authors in financial need,2026-01-16 00:00:00
Creative Scotland,https://www.creativescotland.com,Government Body,https://fundsforwriters.com/grants/,A,open,grants,"Scotland, UK",multidisciplinary,10+,High,"Open Fund for Individuals £500-£100000, rolling deadline",2026-01-16 00:00:00
The Literary Consultancy,https://literaryconsultancy.co.uk,Literary Service,https://fundsforwriters.com/grants/,A,open,grants,UK,literary arts,2026-05-10 00:00:00,Medium,"Free Reads for low-income writers, nationally funded program",2026-01-16 00:00:00
Montana Humanities,https://www.humanitiesmontana.org,Humanities Council,https://fundsforwriters.com/grants/,A,open,grants,"Montana, USA","research, humanities",2026-05-10 00:00:00,Medium,"Opportunity Grants up to $1000, organizations only",2026-01-16 00:00:00
Casa Uno Residency,https://mostlydance.com,Arts Center,https://fundsforwriters.com/grants/,A,open,residencies,Costa Rica,multidisciplinary,2026-01-05 00:00:00,Medium,"3-week residencies, no fee, travel responsibility of artist",2026-01-16 00:00:00
Audible,https://www.audible.com/ep/audible-theater,Corporate,https://fundsforwriters.com/grants/,A,open,grants,USA,"playwriting, audio",2026-05-10 00:00:00,Medium,Emerging Playwrights Fund for audio-focused dramatic work,2026-01-16 00:00:00
Dramatists Guild Foundation,https://dramatistsguildfoundation.submittable.com,Foundation,https://fundsforwriters.com/grants/,A,open,emergency grants,USA,"theatre, playwriting",2026-05-10 00:00:00,High,"Emergency Grant, Housing Assistance Grant for dramatists",2026-01-16 00:00:00
Inevitable Foundation,https://www.wgfoundation.org/fellowship-writing-programs,Foundation,https://fundsforwriters.com/grants/,A,open,fellowships,USA,screenwriting,1 Month,High,"$25000 unrestricted for disabled screenwriters, 4-6 months support",2026-01-16 00:00:00
Washington College Starr Center,https://www.washcoll.edu/learn-by-doing/starr,Educational Institution,https://fundsforwriters.com/grants/,A,open,fellowships,"Maryland, USA","history, research",1 Month,High,"Patrick Henry History Fellowship $45000, 9-month residency",2026-01-16 00:00:00
Pulitzer Center,https://pulitzercenter.org,Foundation,https://fundsforwriters.com/grants/,A,open,grants,International,journalism,2026-01-05 00:00:00,High,Persephone Miel Fellowship $5000 for journalists outside US/Western Europe,2026-01-16 00:00:00
Wisconsin Humanities,https://wisconsinhumanities.org,Humanities Council,https://fundsforwriters.com/grants/,A,open,grants,"Wisconsin, USA","research, humanities",2026-05-10 00:00:00,Medium,Grants for Humanities Programs $2000-$10000 for nonprofits,2026-01-16 00:00:00
Fishtrap Writer-in-Residence,https://fishtrap.org/fishtrap-writer-in-residence,Arts Organization,https://fundsforwriters.com/grants/,A,open,residencies,"Oregon, USA",literary arts,1 Month,High,"6-8 weeks April-May, stipend, travel, lodging, teaching in schools",2026-01-16 00:00:00
Mississippi Arts Commission,https://arts.ms.gov,Arts Council,https://fundsforwriters.com/grants/,A,open,"grants, rosters","Mississippi, USA",multidisciplinary,2026-05-10 00:00:00,Medium,"Artist Roster 3-year term, fees paid by commission",2026-01-16 00:00:00
New Writing North,https://newwritingnorth.com,Arts Organization,https://fundsforwriters.com/grants/,A,open,paid opportunities,"Northeast England, UK",literary arts,2026-01-05 00:00:00,Medium,£125/session for North East Novelists group facilitators,2026-01-16 00:00:00
Georgia Writers Association,https://www.georgiawriters.org,Professional Organization,https://fundsforwriters.com/grants/,A,open,"grants, rosters","Georgia, USA",literary arts,2026-05-10 00:00:00,Medium,"Georgia Writers Registry, LEGG grants $50-$250 for literary events",2026-01-16 00:00:00
Ohio Arts Council,https://oac.ohio.gov,Arts Council,https://fundsforwriters.com/grants/,A,open,grants,"Ohio, USA",multidisciplinary,2026-05-10 00:00:00,High,Artists with Disabilities Access Program $500-$2500,2026-01-16 00:00:00
BlueDot Living,https://bluedotliving.com,Media Organization,https://fundsforwriters.com/grants/,A,open,paid assignments,USA,"journalism, environmental",2026-01-05 00:00:00,Medium,"Pays $175-750 for climate solutions stories, dispatches",2026-01-16 00:00:00
Fatherly,https://www.fatherly.com,Media Organization,https://fundsforwriters.com/grants/,A,open,paid assignments,USA,journalism,2026-01-05 00:00:00,Medium,Pays $250-300 for parenting/fitness science journalism,2026-01-16 00:00:00
Atmos,https://atmos.earth,Magazine,https://fundsforwriters.com/grants/,A,open,paid assignments,USA,"journalism, environmental",2026-01-05 00:00:00,Medium,50 cents/word for climate and culture intersection stories,2026-01-16 00:00:00
Massachusetts Local Cultural Council,https://massculturalcouncil.org,Arts Council,https://fundsforwriters.com/grants/,A,open,grants,"Massachusetts, USA",multidisciplinary,10+,High,Largest grassroots cultural funding network in nation,2026-01-16 00:00:00
Boston Foundation,https://www.tbf.org,Foundation,https://fundsforwriters.com/grants/,A,open,grants,"Massachusetts, USA",multidisciplinary,2026-05-10 00:00:00,High,"Brother Thomas Fellowship $15000, biennial",2026-01-16 00:00:00
Writer's Digest,https://www.writersdigest.com/,Magazine,https://fundsforwriters.com/contests/,A,open,contests,USA,literary arts,10+,High,"Major contests including Annual Writing Competition, Popular Fiction Awards, Short Short Story Competition, Poetry Awards",2026-01-16 00:00:00
Glimmer Train,https://www.glimmertrain.com/,Literary Magazine,https://fundsforwriters.com/contests/,A,open,contests,USA,"literary arts, fiction",2026-05-10 00:00:00,High,"Short Story Award for New Writers, Fiction Open, Very Short Fiction Contest",2026-01-16 00:00:00
Ploughshares,https://www.pshares.org/,Literary Magazine,https://fundsforwriters.com/contests/,A,open,contests,USA,literary arts,2026-01-05 00:00:00,Medium,Emerging Writer's Contest,2026-01-16 00:00:00
Poetry Magazine,https://www.poetryfoundation.org/poetrymagazine,Literary Magazine,https://fundsforwriters.com/contests/,A,open,contests,USA,poetry,2026-01-05 00:00:00,High,Ruth Lilly and Dorothy Sargent Rosenberg Poetry Fellowships,2026-01-16 00:00:00
Missouri Review,https://www.missourireview.com/,Literary Magazine,https://fundsforwriters.com/contests/,A,open,contests,USA,literary arts,2026-05-10 00:00:00,Medium,"Jeffrey E. Smith Editors' Prize, Miller Audio Prize, Tom McAfee Discovery Feature",2026-01-16 00:00:00
The Southern Review,https://thesouthernreview.org/,Literary Magazine,https://fundsforwriters.com/contests/,A,open,contests,USA,literary arts,2026-01-05 00:00:00,Medium,Annual contests in poetry and prose,2026-01-16 00:00:00
Tin House,https://tinhouse.com/,Literary Magazine,https://fundsforwriters.com/contests/,A,open,contests,USA,literary arts,2026-01-05 00:00:00,Medium,Annual contests,2026-01-16 00:00:00
Narrative Magazine,https://www.narrativemagazine.com/,Literary Magazine,https://fundsforwriters.com/contests/,A,open,contests,International,literary arts,10+,High,"Multiple contests throughout year including Story Contest, Poetry Contest, 30 Below Contest",2026-01-16 00:00:00
The Paris Review,https://www.theparisreview.org/,Literary Magazine,https://fundsforwriters.com/contests/,A,open,contests,International,literary arts,2026-01-05 00:00:00,High,"Plimpton Prize for Fiction, Bernard F. Conners Prize for Poetry",2026-01-16 00:00:00
One Story,https://www.one-story.com/,Literary Magazine,https://fundsforwriters.com/contests/,A,open,contests,USA,fiction,2026-01-05 00:00:00,Medium,One Story Award,2026-01-16 00:00:00
New Letters,https://www.newletters.org/,Literary Magazine,https://fundsforwriters.com/contests/,A,open,contests,USA,literary arts,2026-01-05 00:00:00,Medium,Literary Awards,2026-01-16 00:00:00
The Sun Magazine,https://www.thesunmagazine.org/,Literary Magazine,https://fundsforwriters.com/contests/,A,open,contests,USA,literary arts,2026-01-05 00:00:00,Medium,Annual contests,2026-01-16 00:00:00
Cutbank Literary Magazine,https://www.cutbankonline.org/,Literary Magazine,https://fundsforwriters.com/contests/,A,open,contests,USA,literary arts,2026-01-05 00:00:00,Medium,Montana Prize in Fiction and Poetry,2026-01-16 00:00:00
Black Warrior Review,https://bwr.ua.edu/,Literary Magazine,https://fundsforwriters.com/contests/,A,open,contests,USA,literary arts,2026-01-05 00:00:00,Medium,Annual contests,2026-01-16 00:00:00
Crab Orchard Review,https://craborchardreview.siu.edu/,Literary Magazine,https://fundsforwriters.com/contests/,A,open,contests,USA,literary arts,2026-01-05 00:00:00,Medium,Literary Awards,2026-01-16 00:00:00
Nimrod International Journal,https://nimrod.utulsa.edu/,Literary Magazine,https://fundsforwriters.com/contests/,A,open,contests,International,literary arts,2026-01-05 00:00:00,Medium,"Katherine Anne Porter Prize for Fiction, Pablo Neruda Prize for Poetry",2026-01-16 00:00:00
Passages North,https://passagesnorth.com/,Literary Magazine,https://fundsforwriters.com/contests/,A,open,contests,USA,literary arts,2026-01-05 00:00:00,Medium,"Waasnode Fiction Prize, Neutrino Prize for Short Fiction",2026-01-16 00:00:00
The Malahat Review,https://malahatreview.ca/,Literary Magazine,https://fundsforwriters.com/contests/,A,open,contests,Canada,literary arts,2026-05-10 00:00:00,Medium,"Multiple contests including Novella Prize, Far Horizons Award, Open Season Awards",2026-01-16 00:00:00
Gettysburg Review,https://www.gettysburgreview.com/,Literary Magazine,https://fundsforwriters.com/contests/,A,open,contests,USA,literary arts,2026-01-05 00:00:00,Medium,Annual contests,2026-01-16 00:00:00
Colorado Review,https://coloradoreview.colostate.edu/,Literary Magazine,https://fundsforwriters.com/contests/,A,open,contests,USA,literary arts,2026-01-05 00:00:00,Medium,"Contests in fiction, poetry, and nonfiction",2026-01-16 00:00:00
Prairie Schooner,https://prairieschooner.unl.edu/,Literary Magazine,https://fundsforwriters.com/contests/,A,open,contests,USA,literary arts,2026-05-10 00:00:00,Medium,Multiple book prizes and contests,2026-01-16 00:00:00
The Iowa Review,https://iowareview.org/,Literary Magazine,https://fundsforwriters.com/contests/,A,open,contests,USA,literary arts,2026-01-05 00:00:00,Medium,Annual Awards,2026-01-16 00:00:00
Kenyon Review,https://www.kenyonreview.org/,Literary Magazine,https://fundsforwriters.com/contests/,A,open,contests,USA,literary arts,2026-01-05 00:00:00,High,Contest and fellowship programs,2026-01-16 00:00:00
Threepenny Review,https://www.threepennyreview.com/,Literary Magazine,https://fundsforwriters.com/contests/,A,open,contests,USA,literary arts,2026-01-05 00:00:00,Medium,Occasional contests,2026-01-16 00:00:00
StorySouth,https://www.storysouth.com/,Literary Magazine,https://fundsforwriters.com/contests/,A,open,contests,USA,southern literature,2026-01-05 00:00:00,Medium,Million Writers Award,2026-01-16 00:00:00
Zoetrope: All-Story,https://www.all-story.com/,Literary Magazine,https://fundsforwriters.com/contests/,A,open,contests,USA,literary arts,2026-01-05 00:00:00,Medium,Fiction Contest,2026-01-16 00:00:00
Shenandoah,https://shenandoah.wlu.edu/,Literary Magazine,https://fundsforwriters.com/contests/,A,open,contests,USA,literary arts,2026-01-05 00:00:00,Medium,Prizes and contests,2026-01-16 00:00:00
American Short Fiction,https://americanshortfiction.org/,Literary Magazine,https://fundsforwriters.com/contests/,A,open,contests,USA,fiction,2026-01-05 00:00:00,Medium,Annual contests,2026-01-16 00:00:00
Agni,https://agnionline.bu.edu/,Literary Magazine,https://fundsforwriters.com/contests/,A,open,contests,USA,literary arts,2026-01-05 00:00:00,Medium,John Cheever Prize for Fiction,2026-01-16 00:00:00
Southern Humanities Review,https://www.southernhumanitiesreview.com/,Literary Magazine,https://fundsforwriters.com/contests/,A,open,contests,USA,literary arts,2026-01-05 00:00:00,Low,Theodore Christian Hoepfner Award,2026-01-16 00:00:00
The New York Times,https://www.nytimes.com/,Newspaper,https://fundsforwriters.com/markets/,A,open,paid assignments,USA,journalism,10+,High,Freelance opportunities across sections,2026-01-16 00:00:00
The Washington Post,https://www.washingtonpost.com/,Newspaper,https://fundsforwriters.com/markets/,A,open,paid assignments,USA,journalism,10+,High,Freelance journalism opportunities,2026-01-16 00:00:00
The Atlantic,https://www.theatlantic.com/,Magazine,https://fundsforwriters.com/markets/,A,open,paid assignments,USA,"journalism, essays",2026-05-10 00:00:00,High,"Nonfiction, essays, journalism",2026-01-16 00:00:00
Harper's Magazine,https://harpers.org/,Magazine,https://fundsforwriters.com/markets/,A,open,paid assignments,USA,"journalism, essays",2026-01-05 00:00:00,High,"Essays, reportage, fiction",2026-01-16 00:00:00
The New Yorker,https://www.newyorker.com/,Magazine,https://fundsforwriters.com/markets/,A,open,paid assignments,USA,"literary arts, journalism",10+,High,"Fiction, nonfiction, poetry, humor",2026-01-16 00:00:00
Slate,https://slate.com/,Online Magazine,https://fundsforwriters.com/markets/,A,open,paid assignments,USA,journalism,10+,Medium,"News, culture, politics commentary",2026-01-16 00:00:00
Salon,https://www.salon.com/,Online Magazine,https://fundsforwriters.com/markets/,A,open,paid assignments,USA,journalism,2026-05-10 00:00:00,Medium,"News, politics, culture",2026-01-16 00:00:00
Vox,https://www.vox.com/,Online Magazine,https://fundsforwriters.com/markets/,A,open,paid assignments,USA,journalism,10+,Medium,Explainer journalism,2026-01-16 00:00:00
Mother Jones,https://www.motherjones.com/,Magazine,https://fundsforwriters.com/markets/,A,open,paid assignments,USA,journalism,2026-05-10 00:00:00,Medium,Investigative journalism,2026-01-16 00:00:00
The Nation,https://www.thenation.com/,Magazine,https://fundsforwriters.com/markets/,A,open,paid assignments,USA,"journalism, commentary",2026-05-10 00:00:00,Medium,Political commentary and journalism,2026-01-16 00:00:00
HuffPost,https://www.huffpost.com/,Online Magazine,https://fundsforwriters.com/markets/,A,open,paid assignments,USA,journalism,10+,Medium,"News, opinion, lifestyle",2026-01-16 00:00:00
BuzzFeed,https://www.buzzfeed.com/,Online Magazine,https://fundsforwriters.com/markets/,A,open,paid assignments,USA,"journalism, entertainment",10+,Medium,"News, culture, entertainment",2026-01-16 00:00:00
Vice,https://www.vice.com/,Online Magazine,https://fundsforwriters.com/markets/,A,open,paid assignments,International,"journalism, culture",10+,Medium,Counterculture journalism,2026-01-16 00:00:00
Smithsonian Magazine,https://www.smithsonianmag.com/,Magazine,https://fundsforwriters.com/markets/,A,open,paid assignments,USA,"science, history, culture",2026-05-10 00:00:00,Medium,"Science, history, arts journalism",2026-01-16 00:00:00
National Geographic,https://www.nationalgeographic.com/,Magazine,https://fundsforwriters.com/markets/,A,open,paid assignments,International,"science, nature",10+,High,"Nature, science, exploration",2026-01-16 00:00:00
Outside Magazine,https://www.outsideonline.com/,Magazine,https://fundsforwriters.com/markets/,A,open,paid assignments,USA,"outdoors, adventure",2026-05-10 00:00:00,Medium,"Adventure, travel, fitness",2026-01-16 00:00:00
Esquire,https://www.esquire.com/,Magazine,https://fundsforwriters.com/markets/,A,open,paid assignments,USA,"lifestyle, culture",2026-05-10 00:00:00,Medium,Men's lifestyle and culture,2026-01-16 00:00:00
Vanity Fair,https://www.vanityfair.com/,Magazine,https://fundsforwriters.com/markets/,A,open,paid assignments,USA,"culture, entertainment",2026-05-10 00:00:00,High,"Culture, politics, entertainment",2026-01-16 00:00:00
Wired,https://www.wired.com/,Magazine,https://fundsforwriters.com/markets/,A,open,paid assignments,USA,"technology, science",10+,High,"Technology, science, culture",2026-01-16 00:00:00
The Guardian,https://www.theguardian.com/,Newspaper,https://fundsforwriters.com/markets/,A,open,paid assignments,International,journalism,10+,High,"News, culture, commentary",2026-01-16 00:00:00
Rolling Stone,https://www.rollingstone.com/,Magazine,https://fundsforwriters.com/markets/,A,open,paid assignments,USA,"music, culture",10+,High,"Music, culture, politics",2026-01-16 00:00:00
Variety,https://variety.com/,Trade Magazine,https://fundsforwriters.com/markets/,A,open,paid assignments,USA,entertainment,10+,Medium,Entertainment industry news,2026-01-16 00:00:00
The Hollywood Reporter,https://www.hollywoodreporter.com/,Trade Magazine,https://fundsforwriters.com/markets/,A,open,paid assignments,USA,entertainment,10+,Medium,Entertainment industry news,2026-01-16 00:00:00
Travel + Leisure,https://www.travelandleisure.com/,Magazine,https://fundsforwriters.com/markets/,A,open,paid assignments,USA,travel,10+,Medium,Travel features and guides,2026-01-16 00:00:00
Condé Nast Traveler,https://www.cntraveler.com/,Magazine,https://fundsforwriters.com/markets/,A,open,paid assignments,USA,travel,10+,Medium,Travel journalism,2026-01-16 00:00:00
Food & Wine,https://www.foodandwine.com/,Magazine,https://fundsforwriters.com/markets/,A,open,paid assignments,USA,"food, lifestyle",10+,Medium,Food and culinary content,2026-01-16 00:00:00
Bon Appétit,https://www.bonappetit.com/,Magazine,https://fundsforwriters.com/markets/,A,open,paid assignments,USA,"food, lifestyle",10+,Medium,Food and cooking,2026-01-16 00:00:00
Real Simple,https://www.realsimple.com/,Magazine,https://fundsforwriters.com/markets/,A,open,paid assignments,USA,lifestyle,10+,Medium,Lifestyle and home,2026-01-16 00:00:00
Men's Health,https://www.menshealth.com/,Magazine,https://fundsforwriters.com/markets/,A,open,paid assignments,USA,"health, fitness",10+,Medium,Health and fitness,2026-01-16 00:00:00
Women's Health,https://www.womenshealthmag.com/,Magazine,https://fundsforwriters.com/markets/,A,open,paid assignments,USA,"health, fitness",10+,Medium,Health and fitness,2026-01-16 00:00:00
Poets & Writers Magazine,https://www.pw.org/,Literary Magazine,https://fundsforwriters.com/markets/,A,open,paid assignments,USA,literary arts,2026-01-05 00:00:00,Medium,Literary news and resources,2026-01-16 00:00:00
The Writer Magazine,https://www.writermag.com/,Magazine,https://fundsforwriters.com/markets/,A,open,paid assignments,USA,writing craft,2026-01-05 00:00:00,Low,Writing advice and markets,2026-01-16 00:00:00
BookPage,https://bookpage.com/,Literary Magazine,https://fundsforwriters.com/markets/,A,open,paid assignments,USA,book reviews,2026-05-10 00:00:00,Medium,Book reviews and author interviews,2026-01-16 00:00:00
Kirkus Reviews,https://www.kirkusreviews.com/,Literary Magazine,https://fundsforwriters.com/markets/,A,open,paid assignments,USA,book reviews,10+,Medium,Book reviews,2026-01-16 00:00:00
Publishers Weekly,https://www.publishersweekly.com/,Trade Magazine,https://fundsforwriters.com/markets/,A,open,paid assignments,USA,publishing industry,10+,Medium,Publishing industry news,2026-01-16 00:00:00
Electric Literature,https://electricliterature.com/,Online Literary Magazine,https://fundsforwriters.com/markets/,A,open,paid assignments,International,literary arts,2026-05-10 00:00:00,Medium,Contemporary literature,2026-01-16 00:00:00
LitHub,https://lithub.com/,Online Literary Magazine,https://fundsforwriters.com/markets/,A,open,paid assignments,International,literary arts,10+,Medium,Literary news and culture,2026-01-16 00:00:00
Guernica,https://www.guernicamag.com/,Online Literary Magazine,https://fundsforwriters.com/markets/,A,open,paid assignments,International,"literary arts, journalism",2026-05-10 00:00:00,Medium,Global arts and politics,2026-01-16 00:00:00
Catapult,https://catapult.co/,Online Literary Magazine,https://fundsforwriters.com/markets/,A,open,paid assignments,USA,literary arts,2026-05-10 00:00:00,Medium,Literary fiction and essays,2026-01-16 00:00:00
Longreads,https://longreads.com/,Online Magazine,https://fundsforwriters.com/markets/,A,open,paid assignments,International,longform journalism,2026-05-10 00:00:00,Medium,Longform journalism and essays,2026-01-16 00:00:00
PEN America,https://pen.org/,Arts Organization,https://fundsforwriters.com/grants/,A,open,"grants, fellowships",USA,literary arts,10+,High,"Writers' Emergency Fund, Literary Awards, Prison Writing Program",2026-01-16 00:00:00
NEA (National Endowment for the Arts),https://www.arts.gov/,Government Body,https://fundsforwriters.com/grants/,A,open,"grants, fellowships",USA,multidisciplinary,10+,High,"Creative Writing Fellowships, Translation Projects, Arts Access grants",2026-01-16 00:00:00
NEH (National Endowment for the Humanities),https://www.neh.gov/,Government Body,https://fundsforwriters.com/grants/,A,open,grants,USA,"history, humanities",10+,High,"Public Scholar Program, Fellowships",2026-01-16 00:00:00
Guggenheim Foundation,https://www.gf.org/,Foundation,https://fundsforwriters.com/grants/,A,open,"grants, fellowships",International,multidisciplinary,2026-01-05 00:00:00,High,Guggenheim Fellowships for advanced professionals,2026-01-16 00:00:00
Yaddo,https://www.yaddo.org/,Residency,https://fundsforwriters.com/grants/,A,open,residencies,International,multidisciplinary,2026-05-10 00:00:00,High,Artist residencies with stipends available,2026-01-16 00:00:00
MacDowell,https://www.macdowell.org/,Residency,https://fundsforwriters.com/grants/,A,open,residencies,International,multidisciplinary,2026-05-10 00:00:00,High,Artist residencies with financial support,2026-01-16 00:00:00
Hedgebrook,https://www.hedgebrook.org/,Residency,https://fundsforwriters.com/grants/,A,demographic-specific,residencies,International,women writers,2026-01-05 00:00:00,High,Residencies for women and non-binary writers,2026-01-16 00:00:00
Ragdale Foundation,https://www.ragdale.org/,Residency,https://fundsforwriters.com/grants/,A,open,residencies,International,multidisciplinary,2026-05-10 00:00:00,Medium,Artist residencies with fellowships available,2026-01-16 00:00:00
VCCA (Virginia Center for Creative Arts),https://www.vcca.com/,Residency,https://fundsforwriters.com/grants/,A,open,residencies,International,multidisciplinary,10+,High,Artist residencies with full fellowships available,2026-01-16 00:00:00
Vermont Studio Center,https://vermontstudiocenter.org/,Residency,https://fundsforwriters.com/grants/,A,open,residencies,International,"visual arts, writing",10+,Medium,Artist residencies with full and partial fellowships,2026-01-16 00:00:00
Authors Guild,https://www.authorsguild.org/,Professional Organization,https://fundsforwriters.com/grants/,A,membership,"grants, legal support",USA,literary arts,2026-05-10 00:00:00,Medium,"Emergency funds, legal assistance for members",2026-01-16 00:00:00
AwP (Association of Writers & Writing Programs),https://www.awpwriter.org/,Professional Organization,https://fundsforwriters.com/grants/,A,membership,"grants, residencies",USA,literary arts,10+,High,"Writer-to-Writer Mentorship, Intro Journals Project",2026-01-16 00:00:00
Bread Loaf Writers' Conference,https://www.middlebury.edu/bread-loaf-conferences/,Conference/Workshop,https://fundsforwriters.com/grants/,A,fee-based,"fellowships, scholarships",USA,literary arts,2026-05-10 00:00:00,High,Fellowships and scholarships for workshop attendees,2026-01-16 00:00:00
Sewanee Writers' Conference,https://www.sewaneewriters.org/,Conference/Workshop,https://fundsforwriters.com/grants/,A,fee-based,"fellowships, scholarships",USA,literary arts,2026-05-10 00:00:00,Medium,"Fellowships, scholarships, Tennessee Williams Fellowships",2026-01-16 00:00:00
Tin House Workshop,https://tinhouse.com/workshops/,Conference/Workshop,https://fundsforwriters.com/grants/,A,fee-based,scholarships,USA,literary arts,2026-01-05 00:00:00,Medium,Scholarships for workshop participants,2026-01-16 00:00:00
Squaw Valley Community of Writers,https://www.communityofwriters.org/,Conference/Workshop,https://fundsforwriters.com/grants/,A,fee-based,scholarships,USA,literary arts,2026-01-05 00:00:00,Medium,Scholarships for workshop participants,2026-01-16 00:00:00
Granta,https://granta.com/,Literary Magazine,https://fundsforwriters.com/markets/,A,open,paid assignments,International,literary arts,2026-01-05 00:00:00,High,International literary magazine,2026-01-16 00:00:00
McSweeney's,https://www.mcsweeneys.net/,Literary Publisher,https://fundsforwriters.com/markets/,A,open,paid assignments,USA,"literary arts, humor",2026-05-10 00:00:00,Medium,Literary journal and book publisher,2026-01-16 00:00:00
Believermag,https://www.believermag.com/,Literary Magazine,https://fundsforwriters.com/markets/,A,open,paid assignments,USA,"literary arts, culture",2026-01-05 00:00:00,Medium,Literary and cultural magazine,2026-01-16 00:00:00
Conjunctions,https://www.conjunctions.com/,Literary Magazine,https://fundsforwriters.com/markets/,A,open,paid assignments,USA,literary arts,2026-01-05 00:00:00,Medium,"Innovative fiction, poetry, drama",2026-01-16 00:00:00
New York Foundation for the Arts,https://www.nyfa.org/,Foundation,https://fundsforwriters.com/grants/,A,open,"grants, fellowships, fiscal sponsorship","New York State, USA",multidisciplinary,10+,High,"NYSCA Artist Fellowship $8000, Fiscal Sponsorship program, Queens Arts Fund",2026-01-16 00:00:00
Tennessee Arts Commission,https://tnartscommission.org/,Government Body,https://fundsforwriters.com/grants/,A,open,grants,"Tennessee, USA",multidisciplinary,10+,High,"FY27 Annual Grants, Individual Artist Fellowships $5000, Rolling Grants, Creative Aging",2026-01-16 00:00:00
London Library,https://www.londonlibrary.co.uk/,Library,https://fundsforwriters.com/grants/,A,open,fellowships,UK,literary arts,2026-01-05 00:00:00,Medium,"Emerging Writers Programme with free membership, masterclasses, bursaries",2026-01-16 00:00:00
The Compact,https://thecompact.org/,Nonprofit,https://fundsforwriters.com/grants/,A,open,residencies,"Massachusetts, USA",literary arts,2026-01-05 00:00:00,Medium,"Dune Shack residencies Cape Cod National Seashore, primitive accommodations",2026-01-16 00:00:00
Medill Northwestern University,https://www.medill.northwestern.edu/,Educational Institution,https://fundsforwriters.com/grants/,A,open,workshop grants,USA,literary arts,2026-01-05 00:00:00,Medium,George R. R. Martin Summer Intensive Writing Workshop Grants $5000,2026-01-16 00:00:00
Banff Centre,https://www.banffcentre.ca/,Arts Center,https://fundsforwriters.com/grants/,A,open,"residencies, scholarships",Canada,literary arts,2026-05-10 00:00:00,High,"Crime Writing Residency, Sports Writing Residency, Artist Fund scholarships",2026-01-16 00:00:00
Maryland State Arts Council,https://msac.org/,Government Body,https://fundsforwriters.com/grants/,A,open,grants,"Maryland, USA",multidisciplinary,10+,High,"Creativity Grants $1000-$4000, Professional Development up to $2000, Emergency Grants $2000, Grants for Artists $6000",2026-01-16 00:00:00
International Women's Media Foundation,https://iwmf.org/,Foundation,https://fundsforwriters.com/grants/,A,open,grants,International,journalism,2026-05-10 00:00:00,High,"Fund for Indigenous Journalists (MMIP reporting), Emergency Fund for US journalists",2026-01-16 00:00:00
Tarbell Center,https://www.tarbellcenter.org/,Organization,https://fundsforwriters.com/grants/,A,open,fellowships,USA,journalism,2026-01-05 00:00:00,High,"Tarbell Fellowship for AI journalism, $60k-$110k, 9-month placement",2026-01-16 00:00:00
Ida B. Wells Society,https://idabwellssociety.org/,Organization,https://fundsforwriters.com/grants/,A,open,fellowships,USA,journalism,2026-01-05 00:00:00,High,"Investigative Reporting Fellowship, no-cost intensive training",2026-01-16 00:00:00
SouthArts,https://www.southarts.org/,Arts Organization,https://fundsforwriters.com/grants/,A,open,grants,Southern USA (9 states),multidisciplinary,10+,High,"Creative Practice Grants $3000, Express Grants $3000, Professional Development $1000",2026-01-16 00:00:00
Pittsburgh Arts Council,https://www.pittsburghartscouncil.org/,Arts Council,https://fundsforwriters.com/grants/,A,open,grants,"Pennsylvania, USA",small business,2026-01-05 00:00:00,Medium,Creative Entrepreneur Accelerator $2000 plus consulting,2026-01-16 00:00:00
South Carolina Film Commission,https://www.indiegrants.org/,Government Body,https://fundsforwriters.com/grants/,A,demographic-specific,grants,"South Carolina, USA","film, media",2026-01-05 00:00:00,Low,Young Filmmakers Project for high school students $750,2026-01-16 00:00:00
Vermont Arts Council,https://www.vermontartscouncil.org/,Arts Council,https://fundsforwriters.com/grants/,A,open,grants,"Vermont, USA",multidisciplinary,2026-05-10 00:00:00,High,"Artist Development Grants $2000, Artists in Schools program",2026-01-16 00:00:00
San Antonio Arts & Culture,https://www.sa.gov/,Government Body,https://fundsforwriters.com/grants/,A,open,grants,"Texas, USA",multidisciplinary,2026-05-10 00:00:00,Medium,Artist Grants $7500-$15000 for new work creation,2026-01-16 00:00:00
City of Austin,https://thelongcenter.org/,Government Body,https://fundsforwriters.com/grants/,A,open,grants,"Texas, USA",multidisciplinary,10+,High,Elevate program up to $30000 for individual artists,2026-01-16 00:00:00
Poets & Writers (NY State),https://www.pw.org/,Nonprofit,https://fundsforwriters.com/grants/,A,demographic-specific,grants,"New York State, USA",literary arts,2026-05-10 00:00:00,Medium,"Mini-Grants, Reading Series Grants, Festival Grants up to $3000",2026-01-16 00:00:00
Texas Commission on the Arts,https://www.arts.texas.gov/,Government Body,https://fundsforwriters.com/grants/,A,open,"grants, roster","Texas, USA",multidisciplinary,10+,High,"Various grants FY26, Touring Roster for artists",2026-01-16 00:00:00
We Need Diverse Books,https://www.diversebooks.org/,Nonprofit,https://fundsforwriters.com/grants/,A,demographic-specific,emergency grants,USA,literary arts,2026-01-05 00:00:00,Medium,"Emergency grants $250-$1000, Palestinian writers fund, Hurricane Helene fund",2026-01-16 00:00:00
SCBWI (Society of Children's Book Writers and Illustrators),https://www.scbwi.org/,Professional Organization,https://fundsforwriters.com/grants/,A,membership,grants,International,children's literature,2026-05-10 00:00:00,Medium,"Independently Published Pre-Publication Grants $2500, Emergency Fund $1500",2026-01-16 00:00:00
Hugo Burge Foundation,https://www.hugoburgefoundation.org/,Foundation,https://fundsforwriters.com/grants/,A,open,residencies,"Scotland, UK",multidisciplinary,2026-01-05 00:00:00,Medium,Fully-funded residencies Scottish Borders throughout year,2026-01-16 00:00:00
Missouri Film Office,https://mofilm.org/,Government Body,https://fundsforwriters.com/grants/,A,open,fellowships,International,screenwriting,2026-01-05 00:00:00,Medium,Missouri Stories Scriptwriting Fellowship for MO-based stories,2026-01-16 00:00:00
Economic Hardship Reporting Project,https://economichardship.org/,Nonprofit,https://fundsforwriters.com/grants/,A,open,grants,USA,journalism,2026-05-10 00:00:00,High,"Grants for journalists reporting on poverty, workers rights, income disparity",2026-01-16 00:00:00
Trillium Arts,https://www.trilliumartsnc.org/,Arts Center,https://fundsforwriters.com/grants/,A,demographic-specific,"residencies, fellowships","North Carolina, USA",literary arts,2026-01-05 00:00:00,Medium,"Miss Sarah Fellowship for Black Women Writers $1000, residencies",2026-01-16 00:00:00
Silvers Foundation,https://silversfoundation.org/,Foundation,https://fundsforwriters.com/grants/,A,open,grants,International,literary nonfiction,2026-05-10 00:00:00,High,"Silvers Grants for Work in Progress up to $10000, editorial agreement required",2026-01-16 00:00:00
Akron Soul Train,https://www.akronsoultrain.org/,Arts Center,https://fundsforwriters.com/grants/,A,open,residencies,"Ohio, USA (regional)",multidisciplinary,2026-01-05 00:00:00,Medium,"Artist residencies $1000 stipend, 1 month, regional artists",2026-01-16 00:00:00
Bogliasco Foundation,https://www.bfny.org/,Foundation,https://fundsforwriters.com/grants/,A,open,residencies,Italy (international applicants),multidisciplinary,10+,High,"1-month residential fellowships Liguria Italy, room and board included",2026-01-16 00:00:00
Art 14 LA Studio,https://www.lastudio.org/,Arts Center,https://fundsforwriters.com/grants/,A,open,residencies,"Pennsylvania, USA",multidisciplinary,2026-05-10 00:00:00,Low,$250/week or $1000/month residency Patton PA Appalachian Mountains,2026-01-16 00:00:00
Loghaven Artist Residency,https://loghaven.org/,Residency Center,https://fundsforwriters.com/grants/,A,open,residencies,"Tennessee, USA",multidisciplinary,2026-05-10 00:00:00,High,"$850/week stipend, $400-$800 travel subsidy, $200 materials, 90 wooded acres",2026-01-16 00:00:00
Breck Create,https://breckcreate.org/,Arts Center,https://fundsforwriters.com/grants/,A,open,residencies,"Colorado, USA",multidisciplinary,2026-05-10 00:00:00,Medium,2-4 month residencies $600 biweekly stipend Breckenridge CO,2026-01-16 00:00:00
Barbara Deming Memorial Fund,https://www.demingfund.org/,Foundation,https://fundsforwriters.com/grants/,A,demographic-specific,grants,"USA, Canada","literary arts, visual arts",2026-05-10 00:00:00,Medium,"Feminist women artists $500-$2000, Fiction/Visual Arts even years, Nonfiction/Poetry odd years",2026-01-16 00:00:00
Awesome Foundation,https://www.awesomefoundation.org/,Foundation,https://fundsforwriters.com/grants/,A,open,grants,International,multidisciplinary,10+,Low,"$1000 microgrants monthly, 65 chapters worldwide, no strings attached",2026-01-16 00:00:00
Adobe Creative Residency Fund,https://www.adobe.com/,Corporation,https://fundsforwriters.com/grants/,A,demographic-specific,grants,International,multidisciplinary,2026-01-05 00:00:00,Medium,$10000 for creatives impacted by Ukraine invasion,2026-01-16 00:00:00
Artists 360 - Northwest Arkansas,https://artists360.art/,Arts Organization,https://fundsforwriters.com/grants/,A,open,grants,"Arkansas, USA",multidisciplinary,2026-05-10 00:00:00,Medium,Practice-based monetary awards for artists,2026-01-16 00:00:00
Amerind Museum,https://www.amerind.org/,Museum,https://fundsforwriters.com/grants/,A,demographic-specific,residencies,"Arizona, USA",Native American artists,2026-01-05 00:00:00,Medium,"$3000/month stipend, housing, workspace for emerging Native American artists",2026-01-16 00:00:00
Nebraska Arts Council,https://www.artscouncil.nebraska.gov/,Government Body,https://fundsforwriters.com/grants/,A,open,"grants, roster","Nebraska, USA",multidisciplinary,10+,Medium,"Arts Projects, Mini Grants $2000, Micro Grants $500, Artist Roster, Creative Aging",2026-01-16 00:00:00
A Public Space,https://apublicspace.org/,Literary Magazine,https://fundsforwriters.com/grants/,A,open,fellowships,USA,literary arts,2026-01-05 00:00:00,Medium,"Writing Fellowships $1000, editorial support, unpublished book writers",2026-01-16 00:00:00
Pattern Space (Indiana Arts),https://www.in.gov/arts/,Arts Organization,https://fundsforwriters.com/grants/,A,open,residencies,"Indiana, USA",multidisciplinary,2026-01-05 00:00:00,Medium,S.P.A.C.E. Residency 6-month $2000 stipend downtown Indianapolis Stutz,2026-01-16 00:00:00
Surel's Place,https://surelsplace.org/,Residency Center,https://fundsforwriters.com/grants/,A,open,residencies,"Idaho, USA",multidisciplinary,2026-01-05 00:00:00,Medium,1-month residencies $100/week stipend $300 travel Garden City ID,2026-01-16 00:00:00
Indiana Pro Bono Legal Help,https://indianalegalhelp.org/,Legal Services,https://fundsforwriters.com/grants/,A,open,legal assistance,"Indiana, USA",multidisciplinary,unknown,Medium,Lawyers for the Arts free legal assistance Tuesdays/Thursdays 9-11am CT,2026-01-16 00:00:00
La Porte Peinte,https://laportepeinte.com/,Arts Center,https://fundsforwriters.com/grants/,A,open,residencies,France,multidisciplinary,2026-05-10 00:00:00,Medium,Residencies Noyers sur Serein medieval village Burgundy France,2026-01-16 00:00:00
Dramatists Guild Foundation,https://dgf.org/,Foundation,https://fundsforwriters.com/grants/,A,open,emergency grants,USA,"theatre, playwriting",2026-05-10 00:00:00,Medium,"Housing Assistance Grants, Emergency Grant for dramatists",2026-01-16 00:00:00
Inev  itable Foundation,https://www.inevitablefoundation.org/,Foundation,https://fundsforwriters.com/grants/,A,demographic-specific,fellowships,USA,screenwriting,2026-01-05 00:00:00,High,Screenwriting Fellowship $25000 for disabled screenwriters,2026-01-16 00:00:00
Washington College Starr Center,https://www.washcoll.edu/,Educational Institution,https://fundsforwriters.com/grants/,A,open,fellowships,"Maryland, USA",history writing,2026-01-05 00:00:00,High,"Patrick Henry History Fellowship $45000, 9-month residency Chestertown MD",2026-01-16 00:00:00
Pulitzer Center,https://pulitzercenter.org/,Nonprofit,https://fundsforwriters.com/grants/,A,open,"grants, fellowships",International,journalism,10+,High,Persephone Miel Fellowships $5000 for journalists outside US/Western Europe,2026-01-16 00:00:00
Wisconsin Humanities,https://wisconsinhumanities.org/,Humanities Council,https://fundsforwriters.com/grants/,A,open,grants,"Wisconsin, USA","history, humanities",2026-05-10 00:00:00,Medium,$2000-$10000 for nonprofit humanities programs,2026-01-16 00:00:00
Monson Arts,https://monsonarts.org/,Arts Center,https://fundsforwriters.com/grants/,A,open,residencies,"Maine, USA",multidisciplinary,2026-05-10 00:00:00,Medium,2-4 week residencies $1000 stipend ($500 for 2-week) North Woods Maine,2026-01-16 00:00:00
Mesa Refuge,https://mesarefuge.org/,Residency Center,https://fundsforwriters.com/grants/,A,open,residencies,"California, USA","literary nonfiction, journalism",2026-05-10 00:00:00,High,Point Reyes residencies for writers addressing pressing issues,2026-01-16 00:00:00
Somerset County Arts Council,https://www.socoarts.org/,Arts Council,https://fundsforwriters.com/grants/,A,open,grants,"Massachusetts, USA",multidisciplinary,2026-01-05 00:00:00,Low,Individual artist grants up to $1000,2026-01-16 00:00:00
ASJA (American Society of Journalists and Authors),https://www.asja.org/,Professional Organization,https://fundsforwriters.com/grants/,A,membership,emergency grants,USA,journalism,2026-01-05 00:00:00,Medium,Writers Emergency Assistance Fund for freelance writers unable to work,2026-01-16 00:00:00
Indy Arts Council,https://indyarts.org/,Arts Council,https://fundsforwriters.com/grants/,A,open,grants,"Indiana, USA",multidisciplinary,2026-01-05 00:00:00,Medium,Mental Health & Wellness Grants for artists experiencing challenges,2026-01-16 00:00:00
The Onion,https://www.theonion.com/,Media Company,https://fundsforwriters.com/grants/,A,open,fellowships,USA,humor writing,2026-01-05 00:00:00,Medium,"Onion Writer Fellowship $35000, 6-month intensive, in-office Chicago",2026-01-16 00:00:00
Miles Morland Foundation,https://milesmorlandfoundation.com/,Foundation,https://fundsforwriters.com/grants/,A,demographic-specific,grants,Africa,literary arts,2026-05-10 00:00:00,High,Morland Writing Scholarships for African writers born in Africa,2026-01-16 00:00:00
Mid-America Arts Alliance,https://www.maaa.org/,Arts Alliance,https://fundsforwriters.com/grants/,A,open,training,Midwest USA,multidisciplinary,2026-05-10 00:00:00,Medium,"Artist INC professional development, 8-week program",2026-01-16 00:00:00
Writers Guild Foundation,https://www.wgfoundation.org/,Foundation,https://fundsforwriters.com/grants/,A,demographic-specific,training,USA,screenwriting,2026-01-05 00:00:00,Medium,Writers Access Support Staff Training Program for underrepresented writers,2026-01-16 00:00:00
Folger Institute,https://www.folger.edu/,Educational Institution,https://fundsforwriters.com/grants/,A,open,fellowships,"Washington DC, USA","literary arts, research",2026-05-10 00:00:00,Medium,Artistic Research Fellowships 1-3 months virtual or residential,2026-01-16 00:00:00
California Arts Council,https://arts.ca.gov/,Government Body,https://fundsforwriters.com/grants/,A,open,"grants, fellowships, panelist fees","California, USA",multidisciplinary,10+,High,"Individual Artist Fellowships, Grant Panelist honorarium $300",2026-01-16 00:00:00
Poetry Bulletin,https://www.poetrybulletin.com/,Nonprofit,https://fundsforwriters.com/grants/,A,open,fee support,International,poetry,2026-01-05 00:00:00,Low,"Entry fee support for poets, max 3 submissions",2026-01-16 00:00:00
New Jersey State Council on the Arts,https://www.nj.gov/state/njsca/,Government Body,https://fundsforwriters.com/grants/,A,open,roster,"New Jersey, USA",multidisciplinary,10+,Medium,"Artists in Education roster, PreK-12 residencies",2026-01-16 00:00:00
Indiana Arts Commission,https://www.in.gov/arts/,Government Body,https://fundsforwriters.com/grants/,A,open,grants,"Indiana, USA",multidisciplinary,2026-05-10 00:00:00,Medium,Arts Project Support up to $4000 for nonprofits/schools,2026-01-16 00:00:00
Casa Uno,https://mostlydance.com/,Residency Center,https://fundsforwriters.com/grants/,A,open,residencies,Costa Rica,multidisciplinary,2026-01-05 00:00:00,Medium,3-week residencies beautiful nurturing environment no fee,2026-01-16 00:00:00
Grand Plan Fund,https://www.grandplanfund.co.uk/,Foundation,https://fundsforwriters.com/grants/,A,demographic-specific,grants,UK,multidisciplinary,2026-05-10 00:00:00,Medium,£1000 grants for people of colour over 18 for creative practice,2026-01-16 00:00:00
North Carolina Arts Council,https://www.ncarts.org/,Government Body,https://fundsforwriters.com/grants/,A,open,grants,"North Carolina, USA",multidisciplinary,10+,Medium,Artist Support Grants $500-$2000 via regional consortia,2026-01-16 00:00:00
Odyssey Workshop,https://www.odysseyworkshop.org/,Educational Institution,https://fundsforwriters.com/grants/,A,open,scholarships,USA,"literary arts, SFF",2026-05-10 00:00:00,Medium,Scholarships $400-$4000 for 6-week writing workshop,2026-01-16 00:00:00
Grist,https://grist.org/,Media Organization,https://fundsforwriters.com/grants/,A,open,fellowships,USA,environmental journalism,2026-01-05 00:00:00,Medium,Grist Fellowship paid 1-year environmental journalism training,2026-01-16 00:00:00
Stochastic Labs,https://stochasticlabs.org/,Residency Center,https://fundsforwriters.com/grants/,A,open,residencies,"California, USA (Berkeley)",multidisciplinary,2026-05-10 00:00:00,High,Fully sponsored residencies private apartment monthly stipend materials budget,2026-01-16 00:00:00
Fiction Meets Science,https://fictionmeetsscience.org/,Residency Center,https://fundsforwriters.com/grants/,A,open,fellowships,Germany,"literary arts, science writing",2026-01-05 00:00:00,Medium,Writers-in-Residence $1000 honorarium Delmenhorst Germany,2026-01-16 00:00:00
New England Foundation for the Arts,https://www.nefa.org/,Arts Organization,https://fundsforwriters.com/grants/,A,open,grants,New England USA (6 states),multidisciplinary,10+,Medium,NEST touring grants $500-$10000 for nonprofit presenters,2026-01-16 00:00:00
Northwest Film Forum,https://nwfilmforum.org/,Film Organization,https://fundsforwriters.com/grants/,A,demographic-specific,grants,USA,"film, directing",2026-01-05 00:00:00,Medium,Of A Certain Age Grant $20000 for women/nonbinary/trans 39+ first narrative feature,2026-01-16 00:00:00
Nebraska Mini Grants,https://www.artscouncil.nebraska.gov/,Government Body,https://fundsforwriters.com/grants/,A,open,grants,"Nebraska, USA",multidisciplinary,2026-05-10 00:00:00,Low,$2000 limit for quick arts project access,2026-01-16 00:00:00
Atlantic Center for the Arts,https://atlanticcenterforthearts.org/,Arts Center,https://fundsforwriters.com/grants/,A,open,residencies,"Florida, USA",multidisciplinary,2026-05-10 00:00:00,Medium,$400 stipend residencies New Smyrna Beach with Mentoring Artists,2026-01-16 00:00:00
Montana Humanities,https://www.humanitiesmontana.org/,Humanities Council,https://fundsforwriters.com/grants/,A,open,grants,"Montana, USA",humanities,2026-01-05 00:00:00,Low,Opportunity Grants up to $1000 for organizations,2026-01-16 00:00:00
Rhode Island State Council on the Arts,https://risca.online/,Government Body,https://fundsforwriters.com/grants/,A,open,"grants, roster","Rhode Island, USA",multidisciplinary,10+,Medium,"Opportunity Grants $1000, Teaching Artist Roster",2026-01-16 00:00:00
Sarasvati Space,https://www.sarasvati.space/,Residency Center,https://fundsforwriters.com/grants/,A,fee-based,residencies,"Tennessee, USA",multidisciplinary,2026-01-05 00:00:00,Low,$200-$850/week residencies between Hohenwald and Waynesboro TN,2026-01-16 00:00:00
ARTerra Portugal,https://arterra.weebly.com/,Residency Center,https://fundsforwriters.com/grants/,A,open,residencies,Portugal,multidisciplinary,2026-05-10 00:00:00,Medium,Multidisciplinary residencies Lobão da Beira village Tondela Portugal,2026-01-16 00:00:00
Hypatia in the Woods,https://hypatiainthewoods.org/,Residency Center,https://fundsforwriters.com/grants/,A,demographic-specific,residencies,"Washington State, USA",women in arts/entrepreneurship,2026-01-05 00:00:00,Medium,Residencies for women Shelton WA quarterly deadlines,2026-01-16 00:00:00
Writers' Colony at Dairy Hollow,https://www.writerscolony.org/,Residency Center,https://fundsforwriters.com/grants/,A,open,fellowships,"Arkansas, USA",literary arts,2026-01-05 00:00:00,Medium,"Moondancer Fellowship 2-week nature/environment writing, $500 stipend for parent writers",2026-01-16 00:00:00
Folkist Space,https://folkist.space/,Residency Center,https://fundsforwriters.com/grants/,A,open,residencies,"New York, USA","folk arts, textile, traditional",2026-01-05 00:00:00,Low,$500 stipend residencies Clinton NY for folk art,2026-01-16 00:00:00
Delaware Division of the Arts,https://arts.delaware.gov/,Government Body,https://fundsforwriters.com/grants/,A,open,grants,"Delaware, USA",multidisciplinary,2026-05-10 00:00:00,Medium,"Artist Opportunity Grants up to $1000, quarterly deadlines",2026-01-16 00:00:00
Jane Austen's House,https://janeaustens.house/,Museum,https://fundsforwriters.com/grants/,A,open,residencies,UK,multidisciplinary,2026-01-05 00:00:00,Low,Reimagine Residencies Chawton Hampshire UK in-person or virtual,2026-01-16 00:00:00
Jack Hazard Fellowship,https://www.newliteraryproject.org/,Fellowship Program,https://fundsforwriters.com/grants/,A,open,fellowships,USA,literary arts,2026-01-05 00:00:00,Medium,$5000 fellowships for high school teachers writing fiction/nonfiction,2026-01-16 00:00:00
MASS MoCA Studios,https://www.assetsforartists.org/,Arts Center,https://fundsforwriters.com/grants/,A,open,fellowships,"Massachusetts, USA",multidisciplinary,10+,Medium,"Full fellowships up to 4 weeks, Black/Indigenous fellowship $200/week stipend, MA Family Fellowship $1000",2026-01-16 00:00:00
FIYAH Lit Mag,https://fiyahlitmag.com/,Literary Magazine,https://fundsforwriters.com/grants/,A,demographic-specific,grants,USA,speculative fiction,2026-01-05 00:00:00,Low,$1000 grants for Black writers speculative fiction prose only,2026-01-16 00:00:00
Oak Spring Garden Foundation,https://www.osgf.org/,Foundation,https://fundsforwriters.com/grants/,A,open,residencies,"Virginia, USA",multidisciplinary,2026-05-10 00:00:00,Medium,5-week $2000 or 2-week $800 grants Interdisciplinary Residency Upperville VA,2026-01-16 00:00:00
Arts New Orleans,https://www.artsneworleans.org/,Arts Council,https://fundsforwriters.com/grants/,A,open,panelist fees,"Louisiana, USA",multidisciplinary,2026-01-05 00:00:00,Low,Grant panelist volunteers modest honorarium Orleans/Jefferson/Plaquemines Parishes,2026-01-16 00:00:00
Arts & Science Council Charlotte,https://artsandscience.org/,Arts Council,https://fundsforwriters.com/grants/,A,open,grants,"North Carolina, USA (Charlotte)",multidisciplinary,2026-05-10 00:00:00,High,"Founders Grants $50000, Artist Support Grants $3000",2026-01-16 00:00:00
Grunewald Guild,https://grunewaldguild.com/,Residency Center,https://fundsforwriters.com/grants/,A,volunteer-based,residencies,"Washington State, USA",multidisciplinary,2026-05-10 00:00:00,Low,4-6 week residencies volunteer-based 15-20hrs/week Leavenworth WA,2026-01-16 00:00:00
Camargo Foundation,https://camargofoundation.org/,Foundation,https://fundsforwriters.com/grants/,A,open,residencies,France,multidisciplinary,10+,High,Multiple residency types Cassis France Escales/Horizons/Incubateurs/Au long cours,2026-01-16 00:00:00
Lighthouse Works,https://lighthouseworks.us/,Residency Center,https://fundsforwriters.com/grants/,A,open,fellowships,"New York, USA (Fishers Island)",multidisciplinary,2026-05-10 00:00:00,Medium,6-week fellowships $1750 stipend housing food studio Victorian house,2026-01-16 00:00:00
Illinois Arts Council,https://arts.illinois.gov/,Government Body,https://fundsforwriters.com/grants/,A,open,grants,"Illinois, USA",multidisciplinary,10+,High,Creative Catalyst Grant up to $12000 rolling deadline,2026-01-16 00:00:00
Crime Writers Association,https://thecwa.co.uk/,Professional Organization,https://fundsforwriters.com/grants/,A,membership,bursaries,UK,crime writing,2026-05-10 00:00:00,Medium,"19 different bursaries for membership, conferences, CrimeFest for underrepresented groups",2026-01-16 00:00:00
Fleishhacker Foundation,https://www.fleishhackerfoundation.org/,Foundation,https://fundsforwriters.com/grants/,A,open,grants,"California, USA (Bay Area)",multidisciplinary,2026-05-10 00:00:00,Medium,Small Arts Grant $2500-$10000 for nonprofit arts orgs producing new work,2026-01-16 00:00:00
Maine Writers & Publishers Alliance,https://www.mainewriters.org/,Arts Organization,https://fundsforwriters.com/grants/,A,open,"fellowships, scholarships","Maine, USA",literary arts,2026-05-10 00:00:00,Medium,"Ashley Bryan Fellowships, Bodwell Fellowship $500, Christina Baker Kline Scholarships, Martin Dibner Fellowships",2026-01-16 00:00:00
The Literary Consultancy,https://literaryconsultancy.co.uk/,Literary Services,https://fundsforwriters.com/grants/,A,open,free reads,UK,literary arts,10+,Medium,Free Reads programme Arts Council England funded for low-income writers,2026-01-16 00:00:00
The White Pube,https://thewhitepube.co.uk/,Arts Organization,https://fundsforwriters.com/grants/,A,demographic-specific,grants,UK,multidisciplinary,2026-01-05 00:00:00,Low,£500 monthly grants for working class creatives early career,2026-01-16 00:00:00
The Authors' Foundation,https://www2.societyofauthors.org/,Foundation,https://fundsforwriters.com/grants/,A,open,grants,"UK, Ireland",literary arts,2026-05-10 00:00:00,Medium,£2000-£6000 for commissioned books research/travel/expenses,2026-01-16 00:00:00
First Jobs Fund,https://journalistscharity.org.uk/,Charity,https://fundsforwriters.com/grants/,A,open,grants,UK,journalism,2026-01-05 00:00:00,Medium,For new journalists within 2 years experiencing financial stress,2026-01-16 00:00:00
Journalist's Charity,https://journalistscharity.org.uk/,Charity,https://fundsforwriters.com/grants/,A,open,financial assistance,UK,journalism,2026-01-05 00:00:00,Medium,Financial assistance for UK journalists or former journalists,2026-01-16 00:00:00
Peggy Ramsay Foundation,https://www.peggyramsayfoundation.org/,Foundation,https://fundsforwriters.com/grants/,A,open,grants,"UK, Ireland","playwriting, theatre",2026-05-10 00:00:00,Medium,Grants for theatre writers struggling to pay bills British Isles residents,2026-01-16 00:00:00
Women's History Network,https://womenshistorynetwork.org/,Organization,https://fundsforwriters.com/grants/,A,open,grants,UK,women's history research,2026-01-05 00:00:00,Low,Independent Researcher Grants up to £750 for women's history projects,2026-01-16 00:00:00
Guild of Food Writers,https://www.gfw.co.uk/,Professional Organization,https://fundsforwriters.com/grants/,A,membership,grants,UK,food writing,2026-01-05 00:00:00,Low,Futures Fund £2000 annually for members' projects,2026-01-16 00:00:00
Canada Council for the Arts,https://canadacouncil.ca/,Government Body,https://fundsforwriters.com/grants/,A,open,grants,Canada,multidisciplinary,10+,High,"Research and Creation grants up to $25000, Application Assistance available",2026-01-16 00:00:00
Arts Kansas City,https://artskc.org/,Arts Council,https://fundsforwriters.com/grants/,A,open,grants,"Missouri, USA (Kansas City)",multidisciplinary,2026-05-10 00:00:00,Medium,Inspiration Grants for individual artists for career advancement,2026-01-16 00:00:00
Boston Foundation,https://www.tbf.org/,Foundation,https://fundsforwriters.com/grants/,A,open,fellowships,"Massachusetts, USA (Boston)",multidisciplinary,2026-05-10 00:00:00,High,Brother Thomas Fellowships $15000 unrestricted for Greater Boston artists,2026-01-16 00:00:00
Arts Council of Northern Ireland,https://artscouncil-ni.org/,Government Body,https://fundsforwriters.com/grants/,A,open,travel awards,"Northern Ireland, UK",multidisciplinary,2026-01-05 00:00:00,Medium,SIAP Travel Awards for artists to develop skills abroad,2026-01-16 00:00:00
Nevada Arts Council,https://www.nvartscouncil.org/,Government Body,https://fundsforwriters.com/grants/,A,open,grants,"Nevada, USA",multidisciplinary,2026-05-10 00:00:00,Medium,Project Grants for Artists up to $3000 twice yearly,2026-01-16 00:00:00
National League of American Pen Women,https://www.nlapw.org/,Professional Organization,https://fundsforwriters.com/grants/,A,demographic-specific,grants,USA,multidisciplinary (women 35+),2026-01-05 00:00:00,Low,Shirley Holden Helberg Grants $1000 for mature women every odd year,2026-01-16 00:00:00
Australia Copyright Agency,https://www.copyright.com.au/,Organization,https://fundsforwriters.com/grants/,A,open,grants,Australia,literary arts,2026-01-05 00:00:00,Medium,Cultural Fund support for publishers' commissions First Nations/diverse writers,2026-01-16 00:00:00
The Salty Quill,https://www.thesaltyquill.com/,Residency Center,https://fundsforwriters.com/grants/,A,open,scholarships,"Maine, USA",literary arts,2026-01-05 00:00:00,Low,Scholarships for writers retreat McGee Island Maine based on writing sample,2026-01-16 00:00:00
Virginia Center for the Creative Arts,https://www.vcca.com/,Residency Center,https://fundsforwriters.com/grants/,A,open,"residencies, financial aid","Virginia, USA & France",multidisciplinary,10+,High,Full/partial fellowships Amherst VA and Auvillar France for 400+ artists/year,2026-01-16 00:00:00
Creative Inspired Happy,https://www.creativeinspiredhappy.com/,Organization,https://fundsforwriters.com/grants/,A,open,scholarships,USA,literary arts,2026-01-05 00:00:00,Low,Mid-Career Writing Scholarship $1000 for aspiring writers not in professional career,2026-01-16 00:00:00
Charles Wallace India Trust,https://www.charleswallaceindiatrust.com/,Foundation,https://fundsforwriters.com/grants/,A,demographic-specific,scholarships,India-UK,multidisciplinary,2026-01-05 00:00:00,Medium,Visiting Fellowships for Indians early/mid-career to spend time in UK,2026-01-16 00:00:00
Craig ardan,https://www.craigardan.org/,Residency Center,https://fundsforwriters.com/grants/,A,open,residencies,"New York, USA (Adirondacks)",multidisciplinary,2026-05-10 00:00:00,Low,$250/week highly subsidized Elizabethtown NY Adirondack Mountains,2026-01-16 00:00:00
Boehm Media Fellowship,https://ocimpact.com/,Fellowship Program,https://fundsforwriters.com/grants/,A,open,fellowships,International,"media, communication",2026-01-05 00:00:00,Medium,Opportunity Collaboration delegates for media/storytelling social impact,2026-01-16 00:00:00
National Parks Service,https://www.nps.gov/subjects/arts/air.htm,Government Body,https://fundsforwriters.com/grants/,A,open,residencies,USA,multidisciplinary,10+,Medium,Artist-in-Residence 50+ locations 2-4 weeks lodging often included,2026-01-16 00:00:00
Clayton Memorial Fund,https://osfci.org/clayton/,Fund,https://fundsforwriters.com/grants/,A,demographic-specific,medical assistance,Pacific NW USA,SFF/mystery writers,2026-01-05 00:00:00,Medium,Medical expense help for writers OR/WA/ID/AK,2026-01-16 00:00:00
SFWA (Science Fiction Writers of America),https://www.sfwa.org/,Professional Organization,https://fundsforwriters.com/grants/,A,membership,emergency grants,USA,SFF writers,2026-01-05 00:00:00,Medium,Emergency Medical Fund for genre writers short-term medical expenses,2026-01-16 00:00:00
Carnegie Fund for Authors,https://www.carnegiefundforauthors.org/,Fund,https://fundsforwriters.com/grants/,A,open,emergency grants,USA,literary arts,2026-01-05 00:00:00,Medium,Grants for published authors in emergency financial need,2026-01-16 00:00:00
Woodcock Fund,https://www.writerstrust.com/,Fund,https://fundsforwriters.com/grants/,A,open,emergency grants,Canada,literary arts,2026-01-05 00:00:00,Medium,$2000-$10000 emergency funding Canadian writers mid-project,2026-01-16 00:00:00
Unbound,https://unbound.co.uk/,Crowdfunding Platform,https://fundsforwriters.com/grants/,E,open,publishing crowdfunding,UK,literary arts,unknown,Low,Funding platform + publisher 50/50 profit split UK-based,2026-01-16 00:00:00
Louisiana Division of the Arts,https://www.crt.state.la.us/,Government Body,https://fundsforwriters.com/grants/,A,open,grants,"Louisiana, USA",multidisciplinary,10+,Medium,Project Grants $2500-$7500 through 9 Regional Arts Councils,2026-01-16 00:00:00
Georgia Writers Association,https://www.georgiawriters.org/,Professional Organization,https://fundsforwriters.com/grants/,A,open,"roster, grants","Georgia, USA",literary arts,2026-05-10 00:00:00,Medium,"Georgia Writers Registry, Literary Event Grants $50-$250",2026-01-16 00:00:00
18th Street Arts Center,https://18thstreet.org/,Arts Center,https://fundsforwriters.com/grants/,A,fee-based,residencies,"California, USA",multidisciplinary,10+,Low,Visiting Artist Residency studio rental required Santa Monica,2026-01-16 00:00:00
Ohio Arts Council,https://oac.ohio.gov/,Government Body,https://fundsforwriters.com/grants/,A,demographic-specific,grants,"Ohio, USA",multidisciplinary,2026-05-10 00:00:00,Medium,Artists with Disabilities Access Program $500-$2500,2026-01-16 00:00:00
Hatchfund,https://www.hatchfund.org/,Crowdfunding Platform,https://fundsforwriters.com/grants/,E,open,fiscal sponsorship,USA,multidisciplinary,unknown,Low,Free crowdfunding for artists donors pay 5% plus processing no platform fee,2026-01-16 00:00:00
Fractured Atlas,https://www.fracturedatlas.org/,Fiscal Sponsor,https://fundsforwriters.com/grants/,E,open,fiscal sponsorship,USA,multidisciplinary,unknown,Medium,Fiscal sponsorship nationwide all disciplines grants access without 501c3,2026-01-16 00:00:00
Massachusetts Cultural Council,https://massculturalcouncil.org/,Government Body,https://fundsforwriters.com/grants/,A,open,grants,"Massachusetts, USA",multidisciplinary,10+,High,Local Cultural Council Program largest grassroots cultural funding network,2026-01-16 00:00:00
Montana Arts Council,https://art.mt.gov/,Government Body,https://fundsforwriters.com/grants/,A,open,grants,"Montana, USA",multidisciplinary,2026-05-10 00:00:00,Medium,Strategic Investment Grants up to $1000 monthly deadlines,2026-01-16 00:00:00
Mississippi Arts Commission,https://arts.ms.gov/,Government Body,https://fundsforwriters.com/grants/,A,open,roster,"Mississippi, USA",multidisciplinary,10+,Medium,Artist Roster Teaching Artist 3-year term fees paid by Commission,2026-01-16 00:00:00
Center for the Arts New Hampshire,https://centerfortheartsnh.org/,Arts Center,https://fundsforwriters.com/grants/,A,membership,emergency grants,"New Hampshire, USA",multidisciplinary,2026-01-05 00:00:00,Low,Artists Emergency Relief Fund up to $500 for CFA members,2026-01-16 00:00:00
Art Leaders of Color Network,https://aacnetwork.org/,Organization,https://fundsforwriters.com/grants/,A,demographic-specific,emergency grants,USA,multidisciplinary,2026-01-05 00:00:00,Low,$200 microgrants for BIPOC artists/arts administrators COVID-19,2026-01-16 00:00:00
Shenandoah Literary Magazine,https://shenandoahliterary.org/,Literary Magazine,https://fundsforwriters.com/grants/,A,demographic-specific,fellowships,USA,literary arts,2026-01-05 00:00:00,Medium,$1000 fellowships BIPOC Editors to curate issue,2026-01-16 00:00:00
Hosking Houses Trust,https://hoskinghouses.co.uk/,Trust,https://fundsforwriters.com/grants/,A,demographic-specific,residencies,UK,literary arts,2026-01-05 00:00:00,Medium,Older women writers residencies with bursaries Church Cottage Stratford-upon-Avon,2026-01-16 00:00:00
Wellstone Center Redwoods,https://www.wellstoneredwoods.org/,Residency Center,https://fundsforwriters.com/grants/,A,demographic-specific,fellowships,"California, USA",journalism,2026-01-05 00:00:00,Low,Mary C. Curtis Fellowship 2-week for African American journalists book proposal,2026-01-16 00:00:00
Greater Pittsburgh Arts Council (emergency),https://www.pittsburghartscouncil.org/,Arts Council,https://fundsforwriters.com/grants/,A,open,emergency grants,"Pennsylvania, USA (9 counties)",multidisciplinary,2026-01-05 00:00:00,Low,Emergency Fund up to $500 for artists/creative workers,2026-01-16 00:00:00
Philadelphia 215 Festival,https://www.215festival.org/,Organization,https://fundsforwriters.com/grants/,A,open,emergency grants,"Pennsylvania, USA (greater Phila)",literary arts,2026-01-05 00:00:00,Low,Writers Emergency Fund for writers/booksellers/indie press workers,2026-01-16 00:00:00
Authors League Fund,https://authorsleaguefund.org/,Fund,https://fundsforwriters.com/grants/,A,open,emergency grants,USA,literary arts,2026-01-05 00:00:00,Medium,Helps professional authors in financial need since 1917,2026-01-16 00:00:00
